state,state_code,year,year_code,opioid_deaths,population,opioid_death_rate,heroin_deaths,heroin_death_rate,other_deaths,other_death_rate,methadone_deaths,methadone_death_rate,synthetic_deaths,synthetic_death_rate,prescription_deaths,prescription_death_rate
Alabama,1.0,1999,1999.0,26.0,4430141.0,0.6,,,,,14.0,,,,,
Alabama,1.0,2000,2000.0,31.0,4447100.0,0.7,0.0,,,,,,,,18.0,
Alabama,1.0,2001,2001.0,47.0,4467634.0,1.1,,,,,22.0,0.5,,,19.0,
Alabama,1.0,2002,2002.0,61.0,4480089.0,1.4,,,,,30.0,0.7,,,26.0,0.6
Alabama,1.0,2003,2003.0,40.0,4503491.0,0.9,,,,,23.0,0.5,,,18.0,
Alabama,1.0,2004,2004.0,76.0,4530729.0,1.7,0.0,,,,44.0,1.0,10.0,,27.0,0.6
Alabama,1.0,2005,2005.0,65.0,4569805.0,1.4,,,,,38.0,0.8,,,20.0,0.4
Alabama,1.0,2006,2006.0,96.0,4628981.0,2.1,,,,,53.0,1.1,18.0,,35.0,0.8
Alabama,1.0,2007,2007.0,146.0,4672840.0,3.1,,,,,77.0,1.6,19.0,,59.0,1.3
Alabama,1.0,2008,2008.0,156.0,4718206.0,3.3,,,,,87.0,1.8,15.0,,61.0,1.3
Alabama,1.0,2009,2009.0,178.0,4757938.0,3.7,12.0,,,,81.0,1.7,27.0,0.6,72.0,1.5
Alabama,1.0,2010,2010.0,167.0,4779736.0,3.5,,,13.0,,68.0,1.4,34.0,0.7,71.0,1.5
Alabama,1.0,2011,2011.0,161.0,4802740.0,3.4,13.0,,11.0,,59.0,1.2,19.0,,82.0,1.7
Alabama,1.0,2012,2012.0,147.0,4822023.0,3.0,34.0,0.7,10.0,,51.0,1.1,10.0,,55.0,1.1
Alabama,1.0,2013,2013.0,150.0,4833722.0,3.1,40.0,0.8,14.0,,40.0,0.8,24.0,0.5,57.0,1.2
Alabama,1.0,2014,2014.0,252.0,4849377.0,5.2,122.0,2.5,12.0,,40.0,0.8,44.0,0.9,78.0,1.6
Alabama,1.0,2015,2015.0,261.0,4858979.0,5.4,108.0,2.2,20.0,0.4,36.0,0.7,68.0,1.4,75.0,1.5
Alabama,1.0,2016,2016.0,320.0,4863300.0,6.6,126.0,2.6,11.0,,33.0,0.7,152.0,3.1,78.0,1.6
Alabama,1.0,2017,2017.0,395.0,4874747.0,8.1,123.0,2.5,22.0,0.5,25.0,0.5,193.0,4.0,126.0,2.6
Alabama,1.0,2018,2018.0,353.0,4887871.0,7.2,136.0,2.8,,,30.0,0.6,137.0,2.8,111.0,2.3
Alabama,1.0,2019,2019.0,388.0,4903185.0,7.9,138.0,2.8,,,31.0,0.6,210.0,4.3,115.0,2.3
Alabama,1.0,2020,2020.0,594.0,4921532.0,12.1,138.0,2.8,13.0,,26.0,0.5,437.0,8.9,110.0,2.2
Alaska,2.0,1999,1999.0,15.0,624779.0,,,,,,,,,,,
Alaska,2.0,2000,2000.0,22.0,626932.0,3.5,,,,,,,,,17.0,
Alaska,2.0,2001,2001.0,11.0,633714.0,,,,,,0.0,,,,,
Alaska,2.0,2002,2002.0,,642337.0,,,,0.0,,,,0.0,,,
Alaska,2.0,2003,2003.0,10.0,648414.0,,0.0,,,,,,0.0,,,
Alaska,2.0,2004,2004.0,,659286.0,,0.0,,,,,,0.0,,,
Alaska,2.0,2005,2005.0,13.0,666946.0,,,,0.0,,,,,,,
Alaska,2.0,2006,2006.0,27.0,675302.0,4.0,0.0,,,,11.0,,,,12.0,
Alaska,2.0,2007,2007.0,14.0,680300.0,,,,,,,,,,,
Alaska,2.0,2008,2008.0,66.0,687455.0,9.6,,,,,25.0,3.6,,,39.0,5.7
Alaska,2.0,2009,2009.0,73.0,698895.0,10.4,,,,,17.0,,14.0,,47.0,6.7
Alaska,2.0,2010,2010.0,57.0,710231.0,8.0,,,,,24.0,3.4,,,34.0,4.8
Alaska,2.0,2011,2011.0,62.0,722718.0,8.6,12.0,,,,17.0,,,,32.0,4.4
Alaska,2.0,2012,2012.0,78.0,731449.0,10.7,23.0,3.1,,,10.0,,,,40.0,5.5
Alaska,2.0,2013,2013.0,68.0,735132.0,9.3,24.0,3.3,,,,,12.0,,37.0,5.0
Alaska,2.0,2014,2014.0,68.0,736732.0,9.2,25.0,3.4,15.0,,11.0,,11.0,,34.0,4.6
Alaska,2.0,2015,2015.0,79.0,738432.0,10.7,36.0,4.9,17.0,,,,13.0,,45.0,6.1
Alaska,2.0,2016,2016.0,82.0,741894.0,11.1,46.0,6.2,23.0,3.1,11.0,,,,37.0,5.0
Alaska,2.0,2017,2017.0,89.0,739795.0,12.0,36.0,4.9,26.0,3.5,,,36.0,4.9,36.0,4.9
Alaska,2.0,2018,2018.0,61.0,737438.0,8.3,28.0,3.8,21.0,2.8,,,16.0,,30.0,4.1
Alaska,2.0,2019,2019.0,75.0,731545.0,10.3,42.0,5.7,23.0,3.1,,,22.0,3.0,36.0,4.9
Alaska,2.0,2020,2020.0,103.0,731158.0,14.1,34.0,4.7,22.0,3.0,,,63.0,8.6,35.0,4.8
Arizona,4.0,1999,1999.0,183.0,5023823.0,3.6,23.0,0.5,83.0,1.7,15.0,,10.0,,60.0,1.2
Arizona,4.0,2000,2000.0,195.0,5130632.0,3.8,14.0,,105.0,2.0,10.0,,,,71.0,1.4
Arizona,4.0,2001,2001.0,212.0,5273477.0,4.0,20.0,0.4,106.0,2.0,21.0,0.4,,,63.0,1.2
Arizona,4.0,2002,2002.0,255.0,5396255.0,4.7,23.0,0.4,99.0,1.8,50.0,0.9,12.0,,92.0,1.7
Arizona,4.0,2003,2003.0,283.0,5510364.0,5.1,64.0,1.2,61.0,1.1,63.0,1.1,15.0,,98.0,1.8
Arizona,4.0,2004,2004.0,272.0,5652404.0,4.8,37.0,0.7,75.0,1.3,55.0,1.0,18.0,,107.0,1.9
Arizona,4.0,2005,2005.0,315.0,5839077.0,5.4,32.0,0.5,69.0,1.2,75.0,1.3,31.0,0.5,133.0,2.3
Arizona,4.0,2006,2006.0,367.0,6029141.0,6.1,50.0,0.8,98.0,1.6,77.0,1.3,36.0,0.6,137.0,2.3
Arizona,4.0,2007,2007.0,369.0,6167681.0,6.0,50.0,0.8,96.0,1.6,68.0,1.1,27.0,0.4,159.0,2.6
Arizona,4.0,2008,2008.0,400.0,6280362.0,6.4,63.0,1.0,65.0,1.0,80.0,1.3,36.0,0.6,190.0,3.0
Arizona,4.0,2009,2009.0,489.0,6343154.0,7.7,80.0,1.3,85.0,1.3,92.0,1.5,39.0,0.6,240.0,3.8
Arizona,4.0,2010,2010.0,530.0,6392017.0,8.3,87.0,1.4,93.0,1.5,100.0,1.6,54.0,0.8,259.0,4.1
Arizona,4.0,2011,2011.0,465.0,6482505.0,7.2,116.0,1.8,67.0,1.0,51.0,0.8,29.0,0.4,240.0,3.7
Arizona,4.0,2012,2012.0,417.0,6553255.0,6.4,97.0,1.5,43.0,0.7,43.0,0.7,26.0,0.4,237.0,3.6
Arizona,4.0,2013,2013.0,434.0,6626624.0,6.5,142.0,2.1,43.0,0.6,55.0,0.8,35.0,0.5,189.0,2.9
Arizona,4.0,2014,2014.0,497.0,6731484.0,7.4,192.0,2.9,30.0,0.4,56.0,0.8,40.0,0.6,223.0,3.3
Arizona,4.0,2015,2015.0,566.0,6828065.0,8.3,236.0,3.5,37.0,0.5,69.0,1.0,57.0,0.8,226.0,3.3
Arizona,4.0,2016,2016.0,680.0,6931071.0,9.8,295.0,4.3,35.0,0.5,67.0,1.0,114.0,1.6,266.0,3.8
Arizona,4.0,2017,2017.0,817.0,7016270.0,11.6,328.0,4.7,36.0,0.5,75.0,1.1,251.0,3.6,279.0,4.0
Arizona,4.0,2018,2018.0,1003.0,7171646.0,14.0,349.0,4.9,20.0,0.3,57.0,0.8,495.0,6.9,239.0,3.3
Arizona,4.0,2019,2019.0,1190.0,7278717.0,16.3,264.0,3.6,30.0,0.4,67.0,0.9,761.0,10.5,252.0,3.5
Arizona,4.0,2020,2020.0,1750.0,7421401.0,23.6,207.0,2.8,20.0,0.3,74.0,1.0,1409.0,19.0,260.0,3.5
Arkansas,5.0,1999,1999.0,12.0,2651860.0,,,,,,,,,,,
Arkansas,5.0,2000,2000.0,,2673400.0,,,,,,,,,,,
Arkansas,5.0,2001,2001.0,,2691571.0,,0.0,,,,,,,,,
Arkansas,5.0,2002,2002.0,25.0,2705927.0,0.9,,,,,11.0,,,,,
Arkansas,5.0,2003,2003.0,23.0,2724816.0,0.8,0.0,,,,,,,,15.0,
Arkansas,5.0,2004,2004.0,50.0,2749686.0,1.8,,,,,23.0,0.8,,,24.0,0.9
Arkansas,5.0,2005,2005.0,53.0,2781097.0,1.9,,,,,21.0,0.8,14.0,,27.0,1.0
Arkansas,5.0,2006,2006.0,65.0,2821761.0,2.3,0.0,,,,32.0,1.1,17.0,,33.0,1.2
Arkansas,5.0,2007,2007.0,56.0,2848650.0,2.0,,,,,28.0,1.0,,,33.0,1.2
Arkansas,5.0,2008,2008.0,116.0,2874554.0,4.0,,,,,59.0,2.1,25.0,0.9,58.0,2.0
Arkansas,5.0,2009,2009.0,131.0,2896843.0,4.5,,,,,48.0,1.7,43.0,1.5,78.0,2.7
Arkansas,5.0,2010,2010.0,131.0,2915918.0,4.5,,,,,41.0,1.4,35.0,1.2,80.0,2.7
Arkansas,5.0,2011,2011.0,129.0,2937979.0,4.4,,,,,46.0,1.6,20.0,0.7,88.0,3.0
Arkansas,5.0,2012,2012.0,126.0,2949131.0,4.3,,,,,35.0,1.2,17.0,,84.0,2.8
Arkansas,5.0,2013,2013.0,115.0,2959373.0,3.9,,,,,31.0,1.0,21.0,0.7,80.0,2.7
Arkansas,5.0,2014,2014.0,129.0,2966369.0,4.3,,,,,24.0,0.8,23.0,0.8,90.0,3.0
Arkansas,5.0,2015,2015.0,143.0,2978204.0,4.8,,,19.0,,33.0,1.1,27.0,0.9,100.0,3.4
Arkansas,5.0,2016,2016.0,131.0,2988248.0,4.4,12.0,,11.0,,23.0,0.8,30.0,1.0,88.0,2.9
Arkansas,5.0,2017,2017.0,153.0,3004279.0,5.1,15.0,,14.0,,13.0,,54.0,1.8,93.0,3.1
Arkansas,5.0,2018,2018.0,168.0,3013825.0,5.6,19.0,,14.0,,13.0,,85.0,2.8,76.0,2.5
Arkansas,5.0,2019,2019.0,175.0,3017804.0,5.8,31.0,1.0,,,14.0,,108.0,3.6,72.0,2.4
Arkansas,5.0,2020,2020.0,247.0,3030522.0,8.2,21.0,0.7,13.0,,11.0,,181.0,6.0,68.0,2.2
California,6.0,1999,1999.0,1331.0,33499204.0,4.0,457.0,1.4,292.0,0.9,65.0,0.2,60.0,0.2,833.0,2.5
California,6.0,2000,2000.0,891.0,33871648.0,2.6,323.0,1.0,187.0,0.6,43.0,0.1,43.0,0.1,554.0,1.6
California,6.0,2001,2001.0,492.0,34479458.0,1.4,215.0,0.6,97.0,0.3,31.0,0.1,22.0,0.1,286.0,0.8
California,6.0,2002,2002.0,1247.0,34871843.0,3.6,352.0,1.0,218.0,0.6,98.0,0.3,80.0,0.2,785.0,2.3
California,6.0,2003,2003.0,1169.0,35253159.0,3.3,340.0,1.0,180.0,0.5,123.0,0.3,80.0,0.2,670.0,1.9
California,6.0,2004,2004.0,1170.0,35574576.0,3.3,279.0,0.8,209.0,0.6,178.0,0.5,86.0,0.2,601.0,1.7
California,6.0,2005,2005.0,1142.0,35827943.0,3.2,240.0,0.7,205.0,0.6,179.0,0.5,96.0,0.3,612.0,1.7
California,6.0,2006,2006.0,1259.0,36021202.0,3.5,263.0,0.7,227.0,0.6,236.0,0.7,117.0,0.3,653.0,1.8
California,6.0,2007,2007.0,1404.0,36250311.0,3.9,282.0,0.8,214.0,0.6,279.0,0.8,102.0,0.3,747.0,2.1
California,6.0,2008,2008.0,1519.0,36604337.0,4.1,318.0,0.9,194.0,0.5,298.0,0.8,125.0,0.3,878.0,2.4
California,6.0,2009,2009.0,1726.0,36961229.0,4.7,344.0,0.9,170.0,0.5,401.0,1.1,151.0,0.4,960.0,2.6
California,6.0,2010,2010.0,1628.0,37253956.0,4.4,317.0,0.9,149.0,0.4,412.0,1.1,164.0,0.4,861.0,2.3
California,6.0,2011,2011.0,1671.0,37691912.0,4.4,359.0,1.0,161.0,0.4,366.0,1.0,130.0,0.3,968.0,2.6
California,6.0,2012,2012.0,1497.0,38041430.0,3.9,352.0,0.9,149.0,0.4,310.0,0.8,119.0,0.3,798.0,2.1
California,6.0,2013,2013.0,1671.0,38332521.0,4.4,472.0,1.2,185.0,0.5,307.0,0.8,140.0,0.4,844.0,2.2
California,6.0,2014,2014.0,1779.0,38802500.0,4.6,546.0,1.4,155.0,0.4,311.0,0.8,157.0,0.4,873.0,2.2
California,6.0,2015,2015.0,1794.0,39144818.0,4.6,574.0,1.5,151.0,0.4,276.0,0.7,198.0,0.5,864.0,2.2
California,6.0,2016,2016.0,1769.0,39250017.0,4.5,570.0,1.5,132.0,0.3,259.0,0.7,298.0,0.8,800.0,2.0
California,6.0,2017,2017.0,2004.0,39536653.0,5.1,695.0,1.8,149.0,0.4,240.0,0.6,503.0,1.3,831.0,2.1
California,6.0,2018,2018.0,2238.0,39557045.0,5.7,760.0,1.9,125.0,0.3,231.0,0.6,835.0,2.1,786.0,2.0
California,6.0,2019,2019.0,2999.0,39512223.0,7.6,948.0,2.4,129.0,0.3,195.0,0.5,1609.0,4.1,761.0,1.9
California,6.0,2020,2020.0,5307.0,39368078.0,13.5,989.0,2.5,163.0,0.4,246.0,0.6,3928.0,10.0,879.0,2.2
Colorado,8.0,1999,1999.0,108.0,4226018.0,2.6,31.0,0.7,54.0,1.3,,,,,20.0,0.5
Colorado,8.0,2000,2000.0,115.0,4301261.0,2.7,26.0,0.6,53.0,1.2,12.0,,12.0,,29.0,0.7
Colorado,8.0,2001,2001.0,123.0,4425687.0,2.8,17.0,,55.0,1.2,12.0,,13.0,,48.0,1.1
Colorado,8.0,2002,2002.0,149.0,4490406.0,3.3,27.0,0.6,53.0,1.2,20.0,0.4,19.0,,44.0,1.0
Colorado,8.0,2003,2003.0,156.0,4528732.0,3.4,17.0,,75.0,1.7,24.0,0.5,15.0,,36.0,0.8
Colorado,8.0,2004,2004.0,160.0,4575013.0,3.5,16.0,,68.0,1.5,27.0,0.6,14.0,,46.0,1.0
Colorado,8.0,2005,2005.0,220.0,4631888.0,4.7,37.0,0.8,69.0,1.5,38.0,0.8,23.0,0.5,71.0,1.5
Colorado,8.0,2006,2006.0,243.0,4720423.0,5.1,36.0,0.8,77.0,1.6,47.0,1.0,18.0,,77.0,1.6
Colorado,8.0,2007,2007.0,263.0,4803868.0,5.5,37.0,0.8,34.0,0.7,42.0,0.9,34.0,0.7,135.0,2.8
Colorado,8.0,2008,2008.0,289.0,4889730.0,5.9,45.0,0.9,67.0,1.4,37.0,0.8,31.0,0.6,135.0,2.8
Colorado,8.0,2009,2009.0,334.0,4972195.0,6.7,69.0,1.4,51.0,1.0,53.0,1.1,49.0,1.0,139.0,2.8
Colorado,8.0,2010,2010.0,242.0,5029196.0,4.8,45.0,0.9,30.0,0.6,42.0,0.8,46.0,0.9,99.0,2.0
Colorado,8.0,2011,2011.0,356.0,5116796.0,7.0,76.0,1.5,29.0,0.6,56.0,1.1,63.0,1.2,161.0,3.1
Colorado,8.0,2012,2012.0,344.0,5187582.0,6.6,87.0,1.7,33.0,0.6,41.0,0.8,43.0,0.8,177.0,3.4
Colorado,8.0,2013,2013.0,359.0,5268367.0,6.8,119.0,2.3,38.0,0.7,35.0,0.7,53.0,1.0,169.0,3.2
Colorado,8.0,2014,2014.0,430.0,5355866.0,8.0,150.0,2.8,33.0,0.6,47.0,0.9,65.0,1.2,203.0,3.8
Colorado,8.0,2015,2015.0,431.0,5456574.0,7.9,154.0,2.8,31.0,0.6,32.0,0.6,53.0,1.0,211.0,3.9
Colorado,8.0,2016,2016.0,478.0,5540545.0,8.6,226.0,4.1,19.0,,52.0,0.9,61.0,1.1,175.0,3.2
Colorado,8.0,2017,2017.0,499.0,5607154.0,8.9,217.0,3.9,28.0,0.5,52.0,0.9,93.0,1.7,201.0,3.6
Colorado,8.0,2018,2018.0,510.0,5695564.0,9.0,229.0,4.0,17.0,,54.0,0.9,117.0,2.1,184.0,3.2
Colorado,8.0,2019,2019.0,553.0,5758736.0,9.6,207.0,3.6,12.0,,33.0,0.6,245.0,4.3,168.0,2.9
Colorado,8.0,2020,2020.0,898.0,5807719.0,15.5,210.0,3.6,19.0,,63.0,1.1,563.0,9.7,209.0,3.6
Connecticut,9.0,1999,1999.0,134.0,3386401.0,4.0,91.0,2.7,27.0,0.8,10.0,,,,,
Connecticut,9.0,2000,2000.0,151.0,3405565.0,4.4,105.0,3.1,31.0,0.9,11.0,,,,,
Connecticut,9.0,2001,2001.0,133.0,3432835.0,3.9,93.0,2.7,18.0,,12.0,,,,,
Connecticut,9.0,2002,2002.0,153.0,3458749.0,4.4,86.0,2.5,22.0,0.6,23.0,0.7,,,19.0,
Connecticut,9.0,2003,2003.0,160.0,3484336.0,4.6,107.0,3.1,19.0,,18.0,,,,21.0,0.6
Connecticut,9.0,2004,2004.0,175.0,3496094.0,5.0,90.0,2.6,23.0,0.7,39.0,1.1,,,23.0,0.7
Connecticut,9.0,2005,2005.0,153.0,3506956.0,4.4,73.0,2.1,25.0,0.7,33.0,0.9,,,25.0,0.7
Connecticut,9.0,2006,2006.0,210.0,3517460.0,6.0,85.0,2.4,37.0,1.1,56.0,1.6,,,32.0,0.9
Connecticut,9.0,2007,2007.0,231.0,3527270.0,6.5,116.0,3.3,29.0,0.8,52.0,1.5,20.0,0.6,30.0,0.9
Connecticut,9.0,2008,2008.0,217.0,3545579.0,6.1,108.0,3.0,28.0,0.8,43.0,1.2,14.0,,31.0,0.9
Connecticut,9.0,2009,2009.0,205.0,3561807.0,5.8,99.0,2.8,30.0,0.8,39.0,1.1,19.0,,25.0,0.7
Connecticut,9.0,2010,2010.0,204.0,3574097.0,5.7,74.0,2.1,49.0,1.4,43.0,1.2,15.0,,33.0,0.9
Connecticut,9.0,2011,2011.0,197.0,3580709.0,5.5,85.0,2.4,37.0,1.0,32.0,0.9,,,37.0,1.0
Connecticut,9.0,2012,2012.0,194.0,3590347.0,5.4,96.0,2.7,35.0,1.0,23.0,0.6,14.0,,35.0,1.0
Connecticut,9.0,2013,2013.0,405.0,3596080.0,11.3,223.0,6.2,23.0,0.6,45.0,1.3,43.0,1.2,122.0,3.4
Connecticut,9.0,2014,2014.0,491.0,3596677.0,13.7,298.0,8.3,22.0,0.6,47.0,1.3,85.0,2.4,133.0,3.7
Connecticut,9.0,2015,2015.0,647.0,3590886.0,18.0,386.0,10.7,20.0,0.6,69.0,1.9,200.0,5.6,155.0,4.3
Connecticut,9.0,2016,2016.0,811.0,3576452.0,22.7,446.0,12.5,12.0,,67.0,1.9,487.0,13.6,175.0,4.9
Connecticut,9.0,2017,2017.0,927.0,3588184.0,25.8,424.0,11.8,,,92.0,2.6,681.0,19.0,169.0,4.7
Connecticut,9.0,2018,2018.0,914.0,3572665.0,25.6,336.0,9.4,,,73.0,2.0,754.0,21.1,141.0,3.9
Connecticut,9.0,2019,2019.0,1056.0,3565287.0,29.6,337.0,9.5,,,83.0,2.3,932.0,26.1,179.0,5.0
Connecticut,9.0,2020,2020.0,1221.0,3557006.0,34.3,203.0,5.7,,,111.0,3.1,1126.0,31.7,201.0,5.7
Delaware,10.0,1999,1999.0,26.0,774990.0,3.4,13.0,,10.0,,,,0.0,,,
Delaware,10.0,2000,2000.0,23.0,783600.0,2.9,,,11.0,,,,,,,
Delaware,10.0,2001,2001.0,25.0,795699.0,3.1,,,11.0,,,,,,,
Delaware,10.0,2002,2002.0,36.0,806169.0,4.5,13.0,,,,,,,,15.0,
Delaware,10.0,2003,2003.0,30.0,818003.0,3.7,,,,,12.0,,,,,
Delaware,10.0,2004,2004.0,26.0,830803.0,3.1,,,,,,,,,10.0,
Delaware,10.0,2005,2005.0,22.0,845150.0,2.6,,,,,,,,,,
Delaware,10.0,2006,2006.0,30.0,859268.0,3.5,,,,,,,11.0,,,
Delaware,10.0,2007,2007.0,32.0,871749.0,3.7,,,,,14.0,,,,,
Delaware,10.0,2008,2008.0,52.0,883874.0,5.9,,,,,15.0,,,,22.0,2.5
Delaware,10.0,2009,2009.0,62.0,891730.0,7.0,,,,,20.0,2.2,12.0,,31.0,3.5
Delaware,10.0,2010,2010.0,87.0,897934.0,9.7,16.0,,13.0,,19.0,,12.0,,35.0,3.9
Delaware,10.0,2011,2011.0,86.0,907135.0,9.5,15.0,,16.0,,16.0,,12.0,,44.0,4.9
Delaware,10.0,2012,2012.0,67.0,917092.0,7.3,20.0,2.2,12.0,,10.0,,12.0,,27.0,2.9
Delaware,10.0,2013,2013.0,95.0,925749.0,10.3,37.0,4.0,14.0,,20.0,2.2,18.0,,29.0,3.1
Delaware,10.0,2014,2014.0,103.0,935614.0,11.0,50.0,5.3,10.0,,21.0,2.2,25.0,2.7,26.0,2.8
Delaware,10.0,2015,2015.0,119.0,945934.0,12.6,58.0,6.1,10.0,,12.0,,35.0,3.7,32.0,3.4
Delaware,10.0,2016,2016.0,146.0,952065.0,15.3,55.0,5.8,10.0,,11.0,,75.0,7.9,28.0,2.9
Delaware,10.0,2017,2017.0,241.0,961939.0,25.1,121.0,12.6,22.0,2.3,15.0,,173.0,18.0,60.0,6.2
Delaware,10.0,2018,2018.0,341.0,967171.0,35.3,140.0,14.5,48.0,5.0,23.0,2.4,284.0,29.4,61.0,6.3
Delaware,10.0,2019,2019.0,368.0,973764.0,37.8,106.0,10.9,16.0,,27.0,2.8,328.0,33.7,45.0,4.6
Delaware,10.0,2020,2020.0,396.0,986809.0,40.1,91.0,9.2,17.0,,33.0,3.3,351.0,35.6,50.0,5.1
District of Columbia,11.0,1999,1999.0,28.0,570213.0,4.9,19.0,,,,0.0,,0.0,,0.0,
District of Columbia,11.0,2000,2000.0,38.0,572059.0,6.6,,,23.0,4.0,,,0.0,,,
District of Columbia,11.0,2001,2001.0,41.0,574504.0,7.1,0.0,,35.0,6.1,0.0,,0.0,,,
District of Columbia,11.0,2002,2002.0,25.0,573158.0,4.4,,,17.0,,,,,,,
District of Columbia,11.0,2003,2003.0,53.0,568502.0,9.3,,,37.0,6.5,10.0,,0.0,,,
District of Columbia,11.0,2004,2004.0,44.0,567754.0,7.7,,,18.0,,,,,,16.0,
District of Columbia,11.0,2005,2005.0,29.0,567136.0,5.1,0.0,,19.0,,,,0.0,,,
District of Columbia,11.0,2006,2006.0,50.0,570681.0,8.8,,,30.0,5.3,11.0,,,,10.0,
District of Columbia,11.0,2007,2007.0,20.0,574404.0,3.5,,,11.0,,,,0.0,,,
District of Columbia,11.0,2008,2008.0,21.0,580236.0,3.6,,,,,,,0.0,,,
District of Columbia,11.0,2009,2009.0,,592228.0,,,,,,,,0.0,,,
District of Columbia,11.0,2010,2010.0,29.0,601723.0,4.8,13.0,,,,,,,,,
District of Columbia,11.0,2011,2011.0,39.0,617996.0,6.3,22.0,3.6,,,10.0,,0.0,,,
District of Columbia,11.0,2012,2012.0,36.0,632323.0,5.7,23.0,3.6,,,,,,,,
District of Columbia,11.0,2013,2013.0,48.0,646449.0,7.4,33.0,5.1,,,,,,,,
District of Columbia,11.0,2014,2014.0,56.0,658893.0,8.5,34.0,5.2,,,,,11.0,,18.0,
District of Columbia,11.0,2015,2015.0,92.0,672228.0,13.7,66.0,9.8,,,,,25.0,3.7,17.0,
District of Columbia,11.0,2016,2016.0,187.0,681170.0,27.5,117.0,17.2,,,20.0,2.9,117.0,17.2,41.0,6.0
District of Columbia,11.0,2017,2017.0,225.0,693972.0,32.4,124.0,17.9,,,24.0,3.5,168.0,24.2,29.0,4.2
District of Columbia,11.0,2018,2018.0,175.0,702455.0,24.9,76.0,10.8,,,10.0,,146.0,20.8,26.0,3.7
District of Columbia,11.0,2019,2019.0,225.0,705749.0,31.9,82.0,11.6,,,14.0,,202.0,28.6,20.0,2.8
District of Columbia,11.0,2020,2020.0,309.0,712816.0,43.3,84.0,11.8,,,29.0,4.1,289.0,40.5,31.0,4.3
Florida,12.0,1999,1999.0,302.0,15759421.0,1.9,109.0,0.7,47.0,0.3,29.0,0.2,32.0,0.2,106.0,0.7
Florida,12.0,2000,2000.0,449.0,15982378.0,2.8,163.0,1.0,58.0,0.4,47.0,0.3,52.0,0.3,177.0,1.1
Florida,12.0,2001,2001.0,724.0,16356966.0,4.4,193.0,1.2,47.0,0.3,117.0,0.7,88.0,0.5,368.0,2.2
Florida,12.0,2002,2002.0,788.0,16689370.0,4.7,198.0,1.2,59.0,0.4,195.0,1.2,90.0,0.5,306.0,1.8
Florida,12.0,2003,2003.0,921.0,17004085.0,5.4,203.0,1.2,41.0,0.2,255.0,1.5,142.0,0.8,367.0,2.2
Florida,12.0,2004,2004.0,1010.0,17415318.0,5.8,134.0,0.8,42.0,0.2,400.0,2.3,125.0,0.7,421.0,2.4
Florida,12.0,2005,2005.0,942.0,17842038.0,5.3,105.0,0.6,43.0,0.2,398.0,2.2,100.0,0.6,409.0,2.3
Florida,12.0,2006,2006.0,1055.0,18166990.0,5.8,86.0,0.5,39.0,0.2,479.0,2.6,99.0,0.5,477.0,2.6
Florida,12.0,2007,2007.0,1296.0,18367842.0,7.1,77.0,0.4,90.0,0.5,537.0,2.9,113.0,0.6,640.0,3.5
Florida,12.0,2008,2008.0,1275.0,18527305.0,6.9,105.0,0.6,98.0,0.5,423.0,2.3,105.0,0.6,717.0,3.9
Florida,12.0,2009,2009.0,1367.0,18652644.0,7.3,91.0,0.5,58.0,0.3,434.0,2.3,127.0,0.7,859.0,4.6
Florida,12.0,2010,2010.0,1463.0,18801310.0,7.8,51.0,0.3,43.0,0.2,411.0,2.2,116.0,0.6,1014.0,5.4
Florida,12.0,2011,2011.0,1392.0,19057542.0,7.3,61.0,0.3,40.0,0.2,424.0,2.2,108.0,0.6,927.0,4.9
Florida,12.0,2012,2012.0,1153.0,19317568.0,6.0,99.0,0.5,27.0,0.1,318.0,1.6,131.0,0.7,719.0,3.7
Florida,12.0,2013,2013.0,1092.0,19552860.0,5.6,177.0,0.9,25.0,0.1,249.0,1.3,169.0,0.9,624.0,3.2
Florida,12.0,2014,2014.0,1236.0,19893297.0,6.2,341.0,1.7,19.0,,213.0,1.1,299.0,1.5,584.0,2.9
Florida,12.0,2015,2015.0,1676.0,20271272.0,8.3,560.0,2.8,48.0,0.2,192.0,0.9,572.0,2.8,674.0,3.3
Florida,12.0,2016,2016.0,2622.0,20612439.0,12.7,665.0,3.2,69.0,0.3,198.0,1.0,1519.0,7.4,899.0,4.4
Florida,12.0,2017,2017.0,3049.0,20984400.0,14.5,690.0,3.3,65.0,0.3,164.0,0.8,2066.0,9.8,997.0,4.8
Florida,12.0,2018,2018.0,2996.0,21299325.0,14.1,679.0,3.2,70.0,0.3,173.0,0.8,2036.0,9.6,1015.0,4.8
Florida,12.0,2019,2019.0,3573.0,21477737.0,16.6,687.0,3.2,65.0,0.3,134.0,0.6,2761.0,12.9,950.0,4.4
Florida,12.0,2020,2020.0,5313.0,21733312.0,24.4,634.0,2.9,63.0,0.3,180.0,0.8,4676.0,21.5,1012.0,4.7
Georgia,13.0,1999,1999.0,69.0,8045965.0,0.9,,,30.0,0.4,14.0,,,,19.0,
Georgia,13.0,2000,2000.0,98.0,8186453.0,1.2,,,32.0,0.4,16.0,,,,48.0,0.6
Georgia,13.0,2001,2001.0,154.0,8377038.0,1.8,,,35.0,0.4,35.0,0.4,17.0,,78.0,0.9
Georgia,13.0,2002,2002.0,190.0,8508256.0,2.2,,,46.0,0.5,47.0,0.6,27.0,0.3,83.0,1.0
Georgia,13.0,2003,2003.0,213.0,8622793.0,2.5,,,47.0,0.5,64.0,0.7,27.0,0.3,80.0,0.9
Georgia,13.0,2004,2004.0,230.0,8769252.0,2.6,,,32.0,0.4,90.0,1.0,28.0,0.3,88.0,1.0
Georgia,13.0,2005,2005.0,270.0,8925922.0,3.0,,,31.0,0.3,117.0,1.3,43.0,0.5,105.0,1.2
Georgia,13.0,2006,2006.0,301.0,9155813.0,3.3,,,23.0,0.3,131.0,1.4,53.0,0.6,110.0,1.2
Georgia,13.0,2007,2007.0,359.0,9349988.0,3.8,11.0,,39.0,0.4,164.0,1.8,52.0,0.6,129.0,1.4
Georgia,13.0,2008,2008.0,363.0,9504843.0,3.8,23.0,0.2,23.0,0.2,134.0,1.4,47.0,0.5,169.0,1.8
Georgia,13.0,2009,2009.0,438.0,9620846.0,4.6,21.0,0.2,26.0,0.3,155.0,1.6,67.0,0.7,222.0,2.3
Georgia,13.0,2010,2010.0,473.0,9687653.0,4.9,,,27.0,0.3,144.0,1.5,90.0,0.9,265.0,2.7
Georgia,13.0,2011,2011.0,501.0,9815210.0,5.1,30.0,0.3,27.0,0.3,137.0,1.4,75.0,0.8,307.0,3.1
Georgia,13.0,2012,2012.0,496.0,9919945.0,5.0,39.0,0.4,42.0,0.4,155.0,1.6,55.0,0.6,272.0,2.7
Georgia,13.0,2013,2013.0,485.0,9992167.0,4.9,65.0,0.7,34.0,0.3,106.0,1.1,69.0,0.7,280.0,2.8
Georgia,13.0,2014,2014.0,660.0,10097343.0,6.5,152.0,1.5,38.0,0.4,121.0,1.2,166.0,1.6,347.0,3.4
Georgia,13.0,2015,2015.0,801.0,10214860.0,7.8,219.0,2.1,51.0,0.5,112.0,1.1,269.0,2.6,397.0,3.9
Georgia,13.0,2016,2016.0,856.0,10310371.0,8.3,223.0,2.2,52.0,0.5,108.0,1.0,255.0,2.5,417.0,4.0
Georgia,13.0,2017,2017.0,956.0,10429379.0,9.2,261.0,2.5,30.0,0.3,80.0,0.8,406.0,3.9,472.0,4.5
Georgia,13.0,2018,2018.0,809.0,10519475.0,7.7,295.0,2.8,20.0,0.2,77.0,0.7,333.0,3.2,356.0,3.4
Georgia,13.0,2019,2019.0,796.0,10617423.0,7.5,292.0,2.8,20.0,0.2,53.0,0.5,397.0,3.7,321.0,3.0
Georgia,13.0,2020,2020.0,1263.0,10710017.0,11.8,391.0,3.7,35.0,0.3,74.0,0.7,886.0,8.3,414.0,3.9
Hawaii,15.0,1999,1999.0,17.0,1210300.0,,,,,,,,,,12.0,
Hawaii,15.0,2000,2000.0,16.0,1211537.0,,,,,,,,,,11.0,
Hawaii,15.0,2001,2001.0,25.0,1225948.0,2.0,,,,,,,,,17.0,
Hawaii,15.0,2002,2002.0,35.0,1239613.0,2.8,,,,,12.0,,,,19.0,
Hawaii,15.0,2003,2003.0,33.0,1251154.0,2.6,,,,,,,0.0,,18.0,
Hawaii,15.0,2004,2004.0,39.0,1273569.0,3.1,,,,,14.0,,,,18.0,
Hawaii,15.0,2005,2005.0,39.0,1292729.0,3.0,,,,,,,0.0,,24.0,1.9
Hawaii,15.0,2006,2006.0,39.0,1309731.0,3.0,,,10.0,,12.0,,,,22.0,1.7
Hawaii,15.0,2007,2007.0,51.0,1315675.0,3.9,,,,,15.0,,,,27.0,2.1
Hawaii,15.0,2008,2008.0,35.0,1332213.0,2.6,,,,,,,0.0,,20.0,1.5
Hawaii,15.0,2009,2009.0,34.0,1346717.0,2.5,,,,,15.0,,,,15.0,
Hawaii,15.0,2010,2010.0,48.0,1360301.0,3.5,,,10.0,,11.0,,,,26.0,1.9
Hawaii,15.0,2011,2011.0,49.0,1374810.0,3.6,,,,,,,,,31.0,2.3
Hawaii,15.0,2012,2012.0,42.0,1392313.0,3.0,,,,,10.0,,,,23.0,1.7
Hawaii,15.0,2013,2013.0,56.0,1404054.0,4.0,10.0,,,,14.0,,,,32.0,2.3
Hawaii,15.0,2014,2014.0,44.0,1419561.0,3.1,11.0,,,,,,,,24.0,1.7
Hawaii,15.0,2015,2015.0,50.0,1431603.0,3.5,15.0,,,,,,11.0,,27.0,1.9
Hawaii,15.0,2016,2016.0,66.0,1428557.0,4.6,20.0,1.4,,,13.0,,,,36.0,2.5
Hawaii,15.0,2017,2017.0,42.0,1427538.0,2.9,10.0,,,,,,,,24.0,1.7
Hawaii,15.0,2018,2018.0,54.0,1420491.0,3.8,16.0,,,,,,12.0,,24.0,1.7
Hawaii,15.0,2019,2019.0,43.0,1415872.0,3.0,18.0,,,,,,18.0,,14.0,
Hawaii,15.0,2020,2020.0,69.0,1407006.0,4.9,21.0,1.5,0.0,,,,37.0,2.6,24.0,1.7
Idaho,16.0,1999,1999.0,20.0,1275674.0,1.6,,,,,,,,,,
Idaho,16.0,2000,2000.0,15.0,1293953.0,,,,,,,,0.0,,,
Idaho,16.0,2001,2001.0,36.0,1319962.0,2.7,,,,,,,,,21.0,1.6
Idaho,16.0,2002,2002.0,29.0,1340372.0,2.2,,,,,,,,,15.0,
Idaho,16.0,2003,2003.0,39.0,1363380.0,2.9,,,,,16.0,,,,22.0,1.6
Idaho,16.0,2004,2004.0,37.0,1391802.0,2.7,,,,,19.0,,,,13.0,
Idaho,16.0,2005,2005.0,30.0,1428241.0,2.1,,,,,,,,,13.0,
Idaho,16.0,2006,2006.0,53.0,1468669.0,3.6,,,,,25.0,1.7,,,23.0,1.6
Idaho,16.0,2007,2007.0,49.0,1505105.0,3.3,,,,,20.0,1.3,,,26.0,1.7
Idaho,16.0,2008,2008.0,49.0,1534320.0,3.2,,,,,15.0,,,,29.0,1.9
Idaho,16.0,2009,2009.0,43.0,1554439.0,2.8,,,,,14.0,,,,22.0,1.4
Idaho,16.0,2010,2010.0,58.0,1567582.0,3.7,0.0,,,,24.0,1.5,11.0,,28.0,1.8
Idaho,16.0,2011,2011.0,53.0,1584985.0,3.3,0.0,,,,18.0,,,,30.0,1.9
Idaho,16.0,2012,2012.0,40.0,1595728.0,2.5,,,,,,,10.0,,19.0,
Idaho,16.0,2013,2013.0,58.0,1612136.0,3.6,,,,,,,12.0,,36.0,2.2
Idaho,16.0,2014,2014.0,62.0,1634464.0,3.8,11.0,,,,16.0,,11.0,,33.0,2.0
Idaho,16.0,2015,2015.0,72.0,1654930.0,4.4,16.0,,,,10.0,,14.0,,38.0,2.3
Idaho,16.0,2016,2016.0,96.0,1683140.0,5.7,22.0,1.3,,,14.0,,16.0,,48.0,2.9
Idaho,16.0,2017,2017.0,80.0,1716943.0,4.7,22.0,1.3,,,10.0,,18.0,,42.0,2.4
Idaho,16.0,2018,2018.0,98.0,1754208.0,5.6,27.0,1.5,,,,,23.0,1.3,50.0,2.9
Idaho,16.0,2019,2019.0,110.0,1787065.0,6.2,37.0,2.1,,,,,27.0,1.5,55.0,3.1
Idaho,16.0,2020,2020.0,144.0,1826913.0,7.9,38.0,2.1,,,12.0,,58.0,3.2,70.0,3.8
Illinois,17.0,1999,1999.0,449.0,12359020.0,3.6,28.0,0.2,370.0,3.0,25.0,0.2,16.0,,32.0,0.3
Illinois,17.0,2000,2000.0,522.0,12419293.0,4.2,34.0,0.3,425.0,3.4,51.0,0.4,13.0,,28.0,0.2
Illinois,17.0,2001,2001.0,473.0,12488445.0,3.8,35.0,0.3,346.0,2.8,49.0,0.4,17.0,,48.0,0.4
Illinois,17.0,2002,2002.0,514.0,12525556.0,4.1,45.0,0.4,372.0,3.0,59.0,0.5,28.0,0.2,58.0,0.5
Illinois,17.0,2003,2003.0,424.0,12556006.0,3.4,19.0,,305.0,2.4,60.0,0.5,27.0,0.2,44.0,0.4
Illinois,17.0,2004,2004.0,492.0,12589773.0,3.9,35.0,0.3,343.0,2.7,63.0,0.5,31.0,0.2,53.0,0.4
Illinois,17.0,2005,2005.0,553.0,12609903.0,4.4,46.0,0.4,344.0,2.7,75.0,0.6,52.0,0.4,79.0,0.6
Illinois,17.0,2006,2006.0,817.0,12643955.0,6.5,62.0,0.5,332.0,2.6,82.0,0.6,362.0,2.9,85.0,0.7
Illinois,17.0,2007,2007.0,630.0,12695866.0,5.0,58.0,0.5,331.0,2.6,87.0,0.7,88.0,0.7,112.0,0.9
Illinois,17.0,2008,2008.0,770.0,12747038.0,6.0,99.0,0.8,442.0,3.5,78.0,0.6,67.0,0.5,140.0,1.1
Illinois,17.0,2009,2009.0,799.0,12796778.0,6.2,110.0,0.9,435.0,3.4,81.0,0.6,91.0,0.7,156.0,1.2
Illinois,17.0,2010,2010.0,784.0,12830632.0,6.1,141.0,1.1,417.0,3.3,72.0,0.6,92.0,0.7,137.0,1.1
Illinois,17.0,2011,2011.0,840.0,12869257.0,6.5,162.0,1.3,467.0,3.6,77.0,0.6,76.0,0.6,129.0,1.0
Illinois,17.0,2012,2012.0,1069.0,12875255.0,8.3,257.0,2.0,589.0,4.6,96.0,0.7,72.0,0.6,141.0,1.1
Illinois,17.0,2013,2013.0,975.0,12882135.0,7.6,557.0,4.3,217.0,1.7,86.0,0.7,70.0,0.5,141.0,1.1
Illinois,17.0,2014,2014.0,1091.0,12880580.0,8.5,684.0,5.3,122.0,0.9,96.0,0.7,105.0,0.8,197.0,1.5
Illinois,17.0,2015,2015.0,1273.0,12859995.0,9.9,817.0,6.4,113.0,0.9,95.0,0.7,247.0,1.9,217.0,1.7
Illinois,17.0,2016,2016.0,1816.0,12801539.0,14.2,1008.0,7.9,117.0,0.9,118.0,0.9,858.0,6.7,317.0,2.5
Illinois,17.0,2017,2017.0,2079.0,12802023.0,16.2,1159.0,9.1,69.0,0.5,151.0,1.2,1201.0,9.4,422.0,3.3
Illinois,17.0,2018,2018.0,2044.0,12741080.0,16.0,1015.0,8.0,41.0,0.3,144.0,1.1,1506.0,11.8,349.0,2.7
Illinois,17.0,2019,2019.0,2131.0,12671821.0,16.8,958.0,7.6,52.0,0.4,137.0,1.1,1671.0,13.2,374.0,3.0
Illinois,17.0,2020,2020.0,2864.0,12587530.0,22.8,1040.0,8.3,65.0,0.5,209.0,1.7,2428.0,19.3,472.0,3.7
Indiana,18.0,1999,1999.0,29.0,6044969.0,0.5,,,,,,,,,12.0,
Indiana,18.0,2000,2000.0,29.0,6080485.0,0.5,,,,,,,,,10.0,
Indiana,18.0,2001,2001.0,35.0,6127760.0,0.6,,,,,,,,,12.0,
Indiana,18.0,2002,2002.0,30.0,6155967.0,0.5,0.0,,,,11.0,,,,12.0,
Indiana,18.0,2003,2003.0,97.0,6196638.0,1.6,,,14.0,,36.0,0.6,21.0,0.3,33.0,0.5
Indiana,18.0,2004,2004.0,92.0,6233007.0,1.5,,,20.0,0.3,24.0,0.4,16.0,,33.0,0.5
Indiana,18.0,2005,2005.0,114.0,6278616.0,1.8,,,15.0,,45.0,0.7,19.0,,46.0,0.7
Indiana,18.0,2006,2006.0,107.0,6332669.0,1.7,,,11.0,,36.0,0.6,32.0,0.5,34.0,0.5
Indiana,18.0,2007,2007.0,160.0,6379599.0,2.5,,,22.0,0.3,55.0,0.9,34.0,0.5,57.0,0.9
Indiana,18.0,2008,2008.0,190.0,6424806.0,3.0,34.0,0.5,24.0,0.4,50.0,0.8,35.0,0.5,66.0,1.0
Indiana,18.0,2009,2009.0,257.0,6459325.0,4.0,53.0,0.8,16.0,,67.0,1.0,47.0,0.7,120.0,1.9
Indiana,18.0,2010,2010.0,227.0,6483802.0,3.5,50.0,0.8,23.0,0.4,55.0,0.8,33.0,0.5,103.0,1.6
Indiana,18.0,2011,2011.0,291.0,6516922.0,4.5,65.0,1.0,39.0,0.6,49.0,0.8,29.0,0.4,134.0,2.1
Indiana,18.0,2012,2012.0,310.0,6537334.0,4.7,105.0,1.6,47.0,0.7,39.0,0.6,31.0,0.5,110.0,1.7
Indiana,18.0,2013,2013.0,306.0,6570902.0,4.7,149.0,2.3,46.0,0.7,24.0,0.4,24.0,0.4,91.0,1.4
Indiana,18.0,2014,2014.0,376.0,6596855.0,5.7,158.0,2.4,52.0,0.8,28.0,0.4,66.0,1.0,112.0,1.7
Indiana,18.0,2015,2015.0,477.0,6619680.0,7.2,219.0,3.3,80.0,1.2,34.0,0.5,109.0,1.6,113.0,1.7
Indiana,18.0,2016,2016.0,713.0,6633053.0,10.7,277.0,4.2,74.0,1.1,29.0,0.4,284.0,4.3,207.0,3.1
Indiana,18.0,2017,2017.0,1084.0,6666818.0,16.3,317.0,4.8,130.0,1.9,45.0,0.7,599.0,9.0,354.0,5.3
Indiana,18.0,2018,2018.0,1013.0,6691878.0,15.1,302.0,4.5,57.0,0.9,50.0,0.7,670.0,10.0,286.0,4.3
Indiana,18.0,2019,2019.0,1158.0,6732219.0,17.2,297.0,4.4,43.0,0.6,53.0,0.8,845.0,12.6,316.0,4.7
Indiana,18.0,2020,2020.0,1729.0,6754953.0,25.6,204.0,3.0,56.0,0.8,43.0,0.6,1532.0,22.7,376.0,5.6
Iowa,19.0,1999,1999.0,10.0,2917634.0,,,,,,,,,,,
Iowa,19.0,2000,2000.0,12.0,2926324.0,,,,,,,,,,,
Iowa,19.0,2001,2001.0,14.0,2931997.0,,,,,,0.0,,,,10.0,
Iowa,19.0,2002,2002.0,31.0,2934234.0,1.1,,,,,,,,,13.0,
Iowa,19.0,2003,2003.0,28.0,2941999.0,1.0,,,,,,,10.0,,10.0,
Iowa,19.0,2004,2004.0,38.0,2953635.0,1.3,,,,,11.0,,,,19.0,
Iowa,19.0,2005,2005.0,54.0,2964454.0,1.8,,,,,16.0,,,,27.0,0.9
Iowa,19.0,2006,2006.0,66.0,2982644.0,2.2,,,,,17.0,,,,38.0,1.3
Iowa,19.0,2007,2007.0,70.0,2999212.0,2.3,,,,,30.0,1.0,10.0,,30.0,1.0
Iowa,19.0,2008,2008.0,88.0,3016734.0,2.9,10.0,,,,18.0,,15.0,,50.0,1.7
Iowa,19.0,2009,2009.0,107.0,3032870.0,3.5,,,10.0,,26.0,0.9,23.0,0.8,64.0,2.1
Iowa,19.0,2010,2010.0,113.0,3046355.0,3.7,,,13.0,,31.0,1.0,33.0,1.1,51.0,1.7
Iowa,19.0,2011,2011.0,132.0,3062309.0,4.3,13.0,,24.0,0.8,34.0,1.1,19.0,,60.0,2.0
Iowa,19.0,2012,2012.0,136.0,3074186.0,4.4,13.0,,12.0,,33.0,1.1,25.0,0.8,78.0,2.5
Iowa,19.0,2013,2013.0,147.0,3090416.0,4.8,30.0,1.0,18.0,,20.0,0.6,27.0,0.9,81.0,2.6
Iowa,19.0,2014,2014.0,136.0,3107126.0,4.4,37.0,1.2,20.0,0.6,14.0,,24.0,0.8,69.0,2.2
Iowa,19.0,2015,2015.0,148.0,3123899.0,4.7,44.0,1.4,18.0,,21.0,0.7,33.0,1.1,64.0,2.0
Iowa,19.0,2016,2016.0,161.0,3134693.0,5.1,47.0,1.5,11.0,,12.0,,52.0,1.7,69.0,2.2
Iowa,19.0,2017,2017.0,176.0,3145711.0,5.6,60.0,1.9,11.0,,15.0,,86.0,2.7,70.0,2.2
Iowa,19.0,2018,2018.0,122.0,3156145.0,3.9,34.0,1.1,,,,,72.0,2.3,43.0,1.4
Iowa,19.0,2019,2019.0,139.0,3155070.0,4.4,42.0,1.3,,,11.0,,95.0,3.0,39.0,1.2
Iowa,19.0,2020,2020.0,196.0,3163561.0,6.2,54.0,1.7,,,11.0,,159.0,5.0,34.0,1.1
Kansas,20.0,1999,1999.0,22.0,2678338.0,0.8,,,,,,,,,,
Kansas,20.0,2000,2000.0,14.0,2688418.0,,,,,,,,,,,
Kansas,20.0,2001,2001.0,38.0,2702162.0,1.4,,,,,,,,,18.0,
Kansas,20.0,2002,2002.0,58.0,2713535.0,2.1,0.0,,,,18.0,,11.0,,30.0,1.1
Kansas,20.0,2003,2003.0,54.0,2723004.0,2.0,,,,,16.0,,,,29.0,1.1
Kansas,20.0,2004,2004.0,79.0,2734373.0,2.9,,,,,25.0,0.9,13.0,,41.0,1.5
Kansas,20.0,2005,2005.0,83.0,2745299.0,3.0,,,,,37.0,1.3,15.0,,39.0,1.4
Kansas,20.0,2006,2006.0,84.0,2762931.0,3.0,,,,,35.0,1.3,12.0,,42.0,1.5
Kansas,20.0,2007,2007.0,78.0,2783785.0,2.8,,,,,31.0,1.1,,,39.0,1.4
Kansas,20.0,2008,2008.0,76.0,2808076.0,2.7,,,,,13.0,,16.0,,39.0,1.4
Kansas,20.0,2009,2009.0,120.0,2832704.0,4.2,11.0,,,,36.0,1.3,28.0,1.0,48.0,1.7
Kansas,20.0,2010,2010.0,85.0,2853118.0,3.0,,,,,22.0,0.8,14.0,,40.0,1.4
Kansas,20.0,2011,2011.0,91.0,2871238.0,3.2,,,,,25.0,0.9,17.0,,49.0,1.7
Kansas,20.0,2012,2012.0,147.0,2885905.0,5.1,15.0,,,,28.0,1.0,40.0,1.4,71.0,2.5
Kansas,20.0,2013,2013.0,131.0,2893957.0,4.5,12.0,,,,29.0,1.0,33.0,1.1,65.0,2.2
Kansas,20.0,2014,2014.0,140.0,2904021.0,4.8,19.0,,,,32.0,1.1,25.0,0.9,74.0,2.5
Kansas,20.0,2015,2015.0,129.0,2911641.0,4.4,21.0,0.7,,,26.0,0.9,29.0,1.0,63.0,2.2
Kansas,20.0,2016,2016.0,119.0,2907289.0,4.1,32.0,1.1,,,,,20.0,0.7,63.0,2.2
Kansas,20.0,2017,2017.0,118.0,2913123.0,4.1,23.0,0.8,,,14.0,,24.0,0.8,60.0,2.1
Kansas,20.0,2018,2018.0,132.0,2911505.0,4.5,32.0,1.1,,,13.0,,39.0,1.3,59.0,2.0
Kansas,20.0,2019,2019.0,167.0,2913314.0,5.7,41.0,1.4,,,16.0,,72.0,2.5,56.0,1.9
Kansas,20.0,2020,2020.0,240.0,2913805.0,8.2,36.0,1.2,,,,,162.0,5.6,59.0,2.0
Kentucky,21.0,1999,1999.0,43.0,4018053.0,1.1,0.0,,,,,,,,29.0,0.7
Kentucky,21.0,2000,2000.0,87.0,4041769.0,2.2,,,29.0,0.7,28.0,0.7,,,47.0,1.2
Kentucky,21.0,2001,2001.0,125.0,4068132.0,3.1,,,23.0,0.6,46.0,1.1,14.0,,77.0,1.9
Kentucky,21.0,2002,2002.0,158.0,4089875.0,3.9,,,25.0,0.6,72.0,1.8,25.0,0.6,74.0,1.8
Kentucky,21.0,2003,2003.0,214.0,4117170.0,5.2,,,30.0,0.7,121.0,2.9,23.0,0.6,84.0,2.0
Kentucky,21.0,2004,2004.0,205.0,4146101.0,4.9,0.0,,32.0,0.8,121.0,2.9,28.0,0.7,82.0,2.0
Kentucky,21.0,2005,2005.0,259.0,4182742.0,6.2,0.0,,41.0,1.0,143.0,3.4,26.0,0.6,116.0,2.8
Kentucky,21.0,2006,2006.0,291.0,4219239.0,6.9,,,24.0,0.6,154.0,3.6,44.0,1.0,148.0,3.5
Kentucky,21.0,2007,2007.0,300.0,4256672.0,7.0,,,30.0,0.7,144.0,3.4,34.0,0.8,155.0,3.6
Kentucky,21.0,2008,2008.0,316.0,4289878.0,7.4,,,35.0,0.8,112.0,2.6,36.0,0.8,197.0,4.6
Kentucky,21.0,2009,2009.0,367.0,4317074.0,8.5,16.0,,38.0,0.9,81.0,1.9,52.0,1.2,246.0,5.7
Kentucky,21.0,2010,2010.0,539.0,4339367.0,12.4,34.0,0.8,32.0,0.7,105.0,2.4,42.0,1.0,407.0,9.4
Kentucky,21.0,2011,2011.0,614.0,4369356.0,14.1,52.0,1.2,74.0,1.7,97.0,2.2,66.0,1.5,429.0,9.8
Kentucky,21.0,2012,2012.0,609.0,4380415.0,13.9,138.0,3.2,87.0,2.0,72.0,1.6,65.0,1.5,346.0,7.9
Kentucky,21.0,2013,2013.0,590.0,4395295.0,13.4,198.0,4.5,84.0,1.9,66.0,1.5,65.0,1.5,298.0,6.8
Kentucky,21.0,2014,2014.0,683.0,4413457.0,15.5,219.0,5.0,76.0,1.7,58.0,1.3,165.0,3.7,315.0,7.1
Kentucky,21.0,2015,2015.0,820.0,4425092.0,18.5,295.0,6.7,49.0,1.1,58.0,1.3,298.0,6.7,347.0,7.8
Kentucky,21.0,2016,2016.0,930.0,4436974.0,21.0,301.0,6.8,65.0,1.5,46.0,1.0,443.0,10.0,367.0,8.3
Kentucky,21.0,2017,2017.0,1116.0,4454189.0,25.1,262.0,5.9,66.0,1.5,46.0,1.0,764.0,17.2,374.0,8.4
Kentucky,21.0,2018,2018.0,952.0,4468402.0,21.3,134.0,3.0,40.0,0.9,36.0,0.8,730.0,16.3,265.0,5.9
Kentucky,21.0,2019,2019.0,999.0,4467673.0,22.4,147.0,3.3,52.0,1.2,30.0,0.7,807.0,18.1,301.0,6.7
Kentucky,21.0,2020,2020.0,1653.0,4477251.0,36.9,114.0,2.5,53.0,1.2,42.0,0.9,1473.0,32.9,415.0,9.3
Louisiana,22.0,1999,1999.0,24.0,4460811.0,0.5,,,,,,,,,10.0,
Louisiana,22.0,2000,2000.0,48.0,4468976.0,1.1,0.0,,20.0,0.4,,,,,22.0,0.5
Louisiana,22.0,2001,2001.0,68.0,4477875.0,1.5,,,14.0,,19.0,,,,37.0,0.8
Louisiana,22.0,2002,2002.0,76.0,4497267.0,1.7,0.0,,17.0,,34.0,0.8,,,30.0,0.7
Louisiana,22.0,2003,2003.0,107.0,4521042.0,2.4,,,15.0,,47.0,1.0,,,46.0,1.0
Louisiana,22.0,2004,2004.0,124.0,4552238.0,2.7,,,14.0,,64.0,1.4,,,48.0,1.1
Louisiana,22.0,2005,2005.0,151.0,4576628.0,3.3,,,17.0,,92.0,2.0,,,46.0,1.0
Louisiana,22.0,2006,2006.0,180.0,4302665.0,4.2,12.0,,19.0,,107.0,2.5,14.0,,60.0,1.4
Louisiana,22.0,2007,2007.0,188.0,4375581.0,4.3,,,17.0,,98.0,2.2,18.0,,77.0,1.8
Louisiana,22.0,2008,2008.0,113.0,4435586.0,2.5,14.0,,13.0,,41.0,0.9,,,53.0,1.2
Louisiana,22.0,2009,2009.0,104.0,4491648.0,2.3,10.0,,20.0,0.4,17.0,,14.0,,49.0,1.1
Louisiana,22.0,2010,2010.0,99.0,4533372.0,2.2,12.0,,,,15.0,,17.0,,55.0,1.2
Louisiana,22.0,2011,2011.0,97.0,4574836.0,2.1,17.0,,14.0,,13.0,,15.0,,48.0,1.0
Louisiana,22.0,2012,2012.0,147.0,4601893.0,3.2,49.0,1.1,18.0,,22.0,0.5,15.0,,64.0,1.4
Louisiana,22.0,2013,2013.0,251.0,4625470.0,5.4,120.0,2.6,48.0,1.0,20.0,0.4,24.0,0.5,75.0,1.6
Louisiana,22.0,2014,2014.0,246.0,4649676.0,5.3,106.0,2.3,46.0,1.0,19.0,,29.0,0.6,85.0,1.8
Louisiana,22.0,2015,2015.0,276.0,4670724.0,5.9,126.0,2.7,39.0,0.8,16.0,,37.0,0.8,100.0,2.1
Louisiana,22.0,2016,2016.0,327.0,4681666.0,7.0,146.0,3.1,45.0,1.0,14.0,,86.0,1.8,100.0,2.1
Louisiana,22.0,2017,2017.0,391.0,4684333.0,8.3,158.0,3.4,27.0,0.6,10.0,,153.0,3.3,147.0,3.1
Louisiana,22.0,2018,2018.0,429.0,4659978.0,9.2,166.0,3.6,19.0,,16.0,,210.0,4.5,126.0,2.7
Louisiana,22.0,2019,2019.0,519.0,4648794.0,11.2,215.0,4.6,27.0,0.6,21.0,0.5,308.0,6.6,151.0,3.2
Louisiana,22.0,2020,2020.0,877.0,4645318.0,18.9,261.0,5.6,41.0,0.9,27.0,0.6,662.0,14.3,222.0,4.8
Maine,23.0,1999,1999.0,18.0,1266808.0,,,,,,,,,,,
Maine,23.0,2000,2000.0,37.0,1274923.0,2.9,,,,,20.0,1.6,,,,
Maine,23.0,2001,2001.0,44.0,1285692.0,3.4,0.0,,12.0,,11.0,,,,15.0,
Maine,23.0,2002,2002.0,84.0,1295960.0,6.5,,,15.0,,42.0,3.2,11.0,,22.0,1.7
Maine,23.0,2003,2003.0,77.0,1306513.0,5.9,,,11.0,,35.0,2.7,,,25.0,1.9
Maine,23.0,2004,2004.0,88.0,1313688.0,6.7,,,,,52.0,4.0,,,22.0,1.7
Maine,23.0,2005,2005.0,108.0,1318787.0,8.2,,,11.0,,58.0,4.4,,,34.0,2.6
Maine,23.0,2006,2006.0,88.0,1323619.0,6.6,,,,,46.0,3.5,,,37.0,2.8
Maine,23.0,2007,2007.0,90.0,1327040.0,6.8,,,10.0,,44.0,3.3,,,42.0,3.2
Maine,23.0,2008,2008.0,94.0,1330509.0,7.1,,,,,46.0,3.5,11.0,,41.0,3.1
Maine,23.0,2009,2009.0,100.0,1329590.0,7.5,,,,,40.0,3.0,13.0,,64.0,4.8
Maine,23.0,2010,2010.0,81.0,1328361.0,6.1,,,,,35.0,2.6,19.0,,46.0,3.5
Maine,23.0,2011,2011.0,78.0,1328188.0,5.9,,,,,32.0,2.4,16.0,,36.0,2.7
Maine,23.0,2012,2012.0,86.0,1329192.0,6.5,12.0,,,,21.0,1.6,13.0,,52.0,3.9
Maine,23.0,2013,2013.0,108.0,1328302.0,8.1,15.0,,,,32.0,2.4,22.0,1.7,50.0,3.8
Maine,23.0,2014,2014.0,157.0,1330089.0,11.8,37.0,2.8,,,27.0,2.0,61.0,4.6,69.0,5.2
Maine,23.0,2015,2015.0,221.0,1329328.0,16.6,51.0,3.8,,,36.0,2.7,108.0,8.1,92.0,6.9
Maine,23.0,2016,2016.0,284.0,1331479.0,21.3,55.0,4.1,,,34.0,2.6,191.0,14.3,121.0,9.1
Maine,23.0,2017,2017.0,340.0,1335907.0,25.5,74.0,5.5,,,29.0,2.2,268.0,20.1,63.0,4.7
Maine,23.0,2018,2018.0,270.0,1338404.0,20.2,69.0,5.2,,,18.0,,225.0,16.8,49.0,3.7
Maine,23.0,2019,2019.0,308.0,1344212.0,22.9,57.0,4.2,,,25.0,1.9,275.0,20.5,42.0,3.1
Maine,23.0,2020,2020.0,401.0,1350141.0,29.7,51.0,3.8,,,25.0,1.9,355.0,26.3,59.0,4.4
Maryland,24.0,1999,1999.0,13.0,5254509.0,,,,,,0.0,,,,,
Maryland,24.0,2000,2000.0,19.0,5296486.0,,,,14.0,,0.0,,,,,
Maryland,24.0,2001,2001.0,15.0,5374691.0,,,,12.0,,0.0,,0.0,,,
Maryland,24.0,2002,2002.0,17.0,5440389.0,,,,10.0,,,,,,,
Maryland,24.0,2003,2003.0,23.0,5496269.0,0.4,,,13.0,,,,0.0,,,
Maryland,24.0,2004,2004.0,19.0,5546935.0,,,,,,,,,,,
Maryland,24.0,2005,2005.0,23.0,5592379.0,0.4,,,,,,,0.0,,,
Maryland,24.0,2006,2006.0,25.0,5627367.0,0.4,,,,,,,,,,
Maryland,24.0,2007,2007.0,22.0,5653408.0,0.4,,,,,,,,,,
Maryland,24.0,2008,2008.0,23.0,5684965.0,0.4,,,,,,,,,,
Maryland,24.0,2009,2009.0,46.0,5730388.0,0.8,,,,,15.0,,,,15.0,
Maryland,24.0,2010,2010.0,54.0,5773552.0,0.9,,,,,26.0,0.5,,,21.0,0.4
Maryland,24.0,2011,2011.0,84.0,5828289.0,1.4,10.0,,,,28.0,0.5,12.0,,42.0,0.7
Maryland,24.0,2012,2012.0,137.0,5884563.0,2.3,20.0,0.3,18.0,,53.0,0.9,17.0,,60.0,1.0
Maryland,24.0,2013,2013.0,190.0,5928814.0,3.2,46.0,0.8,19.0,,52.0,0.9,30.0,0.5,80.0,1.3
Maryland,24.0,2014,2014.0,181.0,5976407.0,3.0,57.0,1.0,19.0,,40.0,0.7,39.0,0.7,68.0,1.1
Maryland,24.0,2015,2015.0,271.0,6006401.0,4.5,88.0,1.5,24.0,0.4,56.0,0.9,81.0,1.3,93.0,1.5
Maryland,24.0,2016,2016.0,463.0,6016447.0,7.7,186.0,3.1,46.0,0.8,50.0,0.8,237.0,3.9,156.0,2.6
Maryland,24.0,2017,2017.0,514.0,6052177.0,8.5,147.0,2.4,14.0,,73.0,1.2,343.0,5.7,147.0,2.4
Maryland,24.0,2018,2018.0,507.0,6042718.0,8.4,95.0,1.6,15.0,,52.0,0.9,418.0,6.9,107.0,1.8
Maryland,24.0,2019,2019.0,476.0,6045680.0,7.9,66.0,1.1,11.0,,55.0,0.9,409.0,6.8,86.0,1.4
Maryland,24.0,2020,2020.0,852.0,6055802.0,14.1,42.0,0.7,,,90.0,1.5,768.0,12.7,117.0,1.9
Massachusetts,25.0,1999,1999.0,24.0,6317345.0,0.4,,,16.0,,,,0.0,,,
Massachusetts,25.0,2000,2000.0,28.0,6349097.0,0.4,,,23.0,0.4,0.0,,,,,
Massachusetts,25.0,2001,2001.0,30.0,6397634.0,0.5,,,22.0,0.3,,,0.0,,,
Massachusetts,25.0,2002,2002.0,31.0,6417206.0,0.5,,,17.0,,,,,,,
Massachusetts,25.0,2003,2003.0,37.0,6422565.0,0.6,,,19.0,,,,,,,
Massachusetts,25.0,2004,2004.0,61.0,6412281.0,1.0,,,34.0,0.5,10.0,,,,,
Massachusetts,25.0,2005,2005.0,499.0,6403290.0,7.8,18.0,,321.0,5.0,80.0,1.2,31.0,0.5,73.0,1.1
Massachusetts,25.0,2006,2006.0,609.0,6410084.0,9.5,36.0,0.6,295.0,4.6,141.0,2.2,79.0,1.2,130.0,2.0
Massachusetts,25.0,2007,2007.0,592.0,6431559.0,9.2,67.0,1.0,272.0,4.2,120.0,1.9,63.0,1.0,137.0,2.1
Massachusetts,25.0,2008,2008.0,543.0,6468967.0,8.4,57.0,0.9,304.0,4.7,77.0,1.2,48.0,0.7,109.0,1.7
Massachusetts,25.0,2009,2009.0,572.0,6517613.0,8.8,60.0,0.9,299.0,4.6,109.0,1.7,53.0,0.8,130.0,2.0
Massachusetts,25.0,2010,2010.0,499.0,6547629.0,7.6,68.0,1.0,213.0,3.3,76.0,1.2,59.0,0.9,141.0,2.2
Massachusetts,25.0,2011,2011.0,593.0,6587536.0,9.0,143.0,2.2,285.0,4.3,65.0,1.0,49.0,0.7,132.0,2.0
Massachusetts,25.0,2012,2012.0,638.0,6646144.0,9.6,244.0,3.7,248.0,3.7,81.0,1.2,51.0,0.8,141.0,2.1
Massachusetts,25.0,2013,2013.0,836.0,6692824.0,12.5,285.0,4.3,415.0,6.2,85.0,1.3,88.0,1.3,152.0,2.3
Massachusetts,25.0,2014,2014.0,1097.0,6745408.0,16.3,463.0,6.9,463.0,6.9,85.0,1.3,440.0,6.5,157.0,2.3
Massachusetts,25.0,2015,2015.0,1510.0,6794422.0,22.2,627.0,9.2,483.0,7.1,80.0,1.2,938.0,13.8,206.0,3.0
Massachusetts,25.0,2016,2016.0,1931.0,6811779.0,28.3,623.0,9.1,355.0,5.2,92.0,1.4,1528.0,22.4,236.0,3.5
Massachusetts,25.0,2017,2017.0,1870.0,6859819.0,27.3,464.0,6.8,230.0,3.4,76.0,1.1,1634.0,23.8,228.0,3.3
Massachusetts,25.0,2018,2018.0,1949.0,6902149.0,28.2,472.0,6.8,151.0,2.2,85.0,1.2,1787.0,25.9,228.0,3.3
Massachusetts,25.0,2019,2019.0,1920.0,6892503.0,27.9,371.0,5.4,62.0,0.9,64.0,0.9,1833.0,26.6,209.0,3.0
Massachusetts,25.0,2020,2020.0,1996.0,6893574.0,29.0,216.0,3.1,55.0,0.8,106.0,1.5,1904.0,27.6,239.0,3.5
Michigan,26.0,1999,1999.0,77.0,9897116.0,0.8,38.0,0.4,,,10.0,,11.0,,11.0,
Michigan,26.0,2000,2000.0,123.0,9938444.0,1.2,84.0,0.8,15.0,,10.0,,,,13.0,
Michigan,26.0,2001,2001.0,132.0,9991120.0,1.3,72.0,0.7,16.0,,10.0,,,,33.0,0.3
Michigan,26.0,2002,2002.0,140.0,10015710.0,1.4,55.0,0.5,,,38.0,0.4,15.0,,35.0,0.3
Michigan,26.0,2003,2003.0,168.0,10041152.0,1.7,63.0,0.6,23.0,0.2,36.0,0.4,18.0,,42.0,0.4
Michigan,26.0,2004,2004.0,235.0,10055315.0,2.3,83.0,0.8,15.0,,74.0,0.7,31.0,0.3,50.0,0.5
Michigan,26.0,2005,2005.0,373.0,10051137.0,3.7,148.0,1.5,26.0,0.3,101.0,1.0,56.0,0.6,100.0,1.0
Michigan,26.0,2006,2006.0,487.0,10036081.0,4.9,142.0,1.4,29.0,0.3,126.0,1.3,175.0,1.7,111.0,1.1
Michigan,26.0,2007,2007.0,426.0,10001284.0,4.3,111.0,1.1,27.0,0.3,135.0,1.3,56.0,0.6,138.0,1.4
Michigan,26.0,2008,2008.0,528.0,9946889.0,5.3,207.0,2.1,42.0,0.4,126.0,1.3,53.0,0.5,155.0,1.6
Michigan,26.0,2009,2009.0,604.0,9901591.0,6.1,238.0,2.4,60.0,0.6,148.0,1.5,64.0,0.6,146.0,1.5
Michigan,26.0,2010,2010.0,578.0,9883640.0,5.8,202.0,2.0,58.0,0.6,128.0,1.3,67.0,0.7,183.0,1.9
Michigan,26.0,2011,2011.0,602.0,9876187.0,6.1,257.0,2.6,61.0,0.6,115.0,1.2,74.0,0.7,165.0,1.7
Michigan,26.0,2012,2012.0,589.0,9883360.0,6.0,258.0,2.6,41.0,0.4,110.0,1.1,57.0,0.6,218.0,2.2
Michigan,26.0,2013,2013.0,813.0,9895622.0,8.2,415.0,4.2,61.0,0.6,147.0,1.5,70.0,0.7,218.0,2.2
Michigan,26.0,2014,2014.0,929.0,9909877.0,9.4,508.0,5.1,40.0,0.4,128.0,1.3,152.0,1.5,262.0,2.6
Michigan,26.0,2015,2015.0,1186.0,9922576.0,12.0,619.0,6.2,45.0,0.5,153.0,1.5,422.0,4.3,311.0,3.1
Michigan,26.0,2016,2016.0,1587.0,9928300.0,16.0,695.0,7.0,60.0,0.6,130.0,1.3,869.0,8.8,459.0,4.6
Michigan,26.0,2017,2017.0,1846.0,9962311.0,18.5,756.0,7.6,45.0,0.5,136.0,1.4,1287.0,12.9,410.0,4.1
Michigan,26.0,2018,2018.0,1859.0,9995915.0,18.6,608.0,6.1,41.0,0.4,120.0,1.2,1454.0,14.5,371.0,3.7
Michigan,26.0,2019,2019.0,1643.0,9986857.0,16.5,464.0,4.6,24.0,0.2,96.0,1.0,1376.0,13.8,300.0,3.0
Michigan,26.0,2020,2020.0,2016.0,9966555.0,20.2,438.0,4.4,21.0,0.2,104.0,1.0,1808.0,18.1,329.0,3.3
Minnesota,27.0,1999,1999.0,39.0,4873481.0,0.8,,,17.0,,,,,,11.0,
Minnesota,27.0,2000,2000.0,44.0,4919479.0,0.9,,,25.0,0.5,,,,,10.0,
Minnesota,27.0,2001,2001.0,68.0,4982796.0,1.4,,,27.0,0.5,,,,,28.0,0.6
Minnesota,27.0,2002,2002.0,81.0,5018935.0,1.6,,,31.0,0.6,12.0,,,,35.0,0.7
Minnesota,27.0,2003,2003.0,86.0,5053572.0,1.7,,,32.0,0.6,23.0,0.5,,,30.0,0.6
Minnesota,27.0,2004,2004.0,102.0,5087713.0,2.0,,,32.0,0.6,31.0,0.6,11.0,,40.0,0.8
Minnesota,27.0,2005,2005.0,111.0,5119598.0,2.2,,,33.0,0.6,29.0,0.6,17.0,,43.0,0.8
Minnesota,27.0,2006,2006.0,117.0,5163555.0,2.3,,,28.0,0.5,43.0,0.8,22.0,0.4,33.0,0.6
Minnesota,27.0,2007,2007.0,137.0,5207203.0,2.6,,,29.0,0.6,44.0,0.8,22.0,0.4,51.0,1.0
Minnesota,27.0,2008,2008.0,169.0,5247018.0,3.2,,,49.0,0.9,48.0,0.9,22.0,0.4,56.0,1.1
Minnesota,27.0,2009,2009.0,210.0,5281203.0,4.0,16.0,,51.0,1.0,64.0,1.2,23.0,0.4,77.0,1.5
Minnesota,27.0,2010,2010.0,187.0,5303925.0,3.5,14.0,,34.0,0.6,56.0,1.1,26.0,0.5,76.0,1.4
Minnesota,27.0,2011,2011.0,253.0,5344861.0,4.7,43.0,0.8,63.0,1.2,54.0,1.0,26.0,0.5,82.0,1.5
Minnesota,27.0,2012,2012.0,254.0,5379139.0,4.7,44.0,0.8,65.0,1.2,63.0,1.2,30.0,0.6,88.0,1.6
Minnesota,27.0,2013,2013.0,272.0,5420380.0,5.0,91.0,1.7,19.0,,71.0,1.3,29.0,0.5,88.0,1.6
Minnesota,27.0,2014,2014.0,282.0,5457173.0,5.2,99.0,1.8,22.0,0.4,76.0,1.4,35.0,0.6,78.0,1.4
Minnesota,27.0,2015,2015.0,294.0,5489594.0,5.4,114.0,2.1,21.0,0.4,52.0,0.9,44.0,0.8,96.0,1.7
Minnesota,27.0,2016,2016.0,362.0,5519952.0,6.6,145.0,2.6,15.0,,66.0,1.2,90.0,1.6,116.0,2.1
Minnesota,27.0,2017,2017.0,386.0,5576606.0,6.9,111.0,2.0,17.0,,46.0,0.8,174.0,3.1,127.0,2.3
Minnesota,27.0,2018,2018.0,325.0,5611179.0,5.8,91.0,1.6,17.0,,43.0,0.8,197.0,3.5,94.0,1.7
Minnesota,27.0,2019,2019.0,393.0,5639632.0,7.0,106.0,1.9,,,39.0,0.7,297.0,5.3,84.0,1.5
Minnesota,27.0,2020,2020.0,636.0,5657342.0,11.2,118.0,2.1,,,51.0,0.9,545.0,9.6,141.0,2.5
Mississippi,28.0,1999,1999.0,12.0,2828408.0,,,,,,,,,,,
Mississippi,28.0,2000,2000.0,,2844658.0,,,,0.0,,,,,,,
Mississippi,28.0,2001,2001.0,17.0,2852994.0,,0.0,,,,,,,,10.0,
Mississippi,28.0,2002,2002.0,22.0,2858681.0,0.8,0.0,,,,,,,,16.0,
Mississippi,28.0,2003,2003.0,28.0,2868312.0,1.0,,,,,11.0,,,,11.0,
Mississippi,28.0,2004,2004.0,23.0,2889010.0,0.8,,,,,,,,,15.0,
Mississippi,28.0,2005,2005.0,25.0,2905943.0,0.9,,,,,13.0,,,,,
Mississippi,28.0,2006,2006.0,46.0,2904978.0,1.6,,,,,14.0,,,,18.0,
Mississippi,28.0,2007,2007.0,75.0,2928350.0,2.6,,,,,27.0,0.9,14.0,,37.0,1.3
Mississippi,28.0,2008,2008.0,83.0,2947806.0,2.8,,,,,10.0,,27.0,0.9,48.0,1.6
Mississippi,28.0,2009,2009.0,72.0,2958774.0,2.4,,,,,15.0,,22.0,0.7,34.0,1.1
Mississippi,28.0,2010,2010.0,78.0,2967297.0,2.6,0.0,,,,17.0,,20.0,0.7,39.0,1.3
Mississippi,28.0,2011,2011.0,68.0,2978512.0,2.3,,,,,14.0,,14.0,,40.0,1.3
Mississippi,28.0,2012,2012.0,101.0,2984926.0,3.4,,,,,21.0,0.7,18.0,,56.0,1.9
Mississippi,28.0,2013,2013.0,88.0,2991207.0,2.9,10.0,,10.0,,12.0,,23.0,0.8,43.0,1.4
Mississippi,28.0,2014,2014.0,105.0,2994079.0,3.5,22.0,0.7,12.0,,,,21.0,0.7,57.0,1.9
Mississippi,28.0,2015,2015.0,138.0,2992333.0,4.6,36.0,1.2,12.0,,12.0,,33.0,1.1,65.0,2.2
Mississippi,28.0,2016,2016.0,164.0,2988726.0,5.5,32.0,1.1,19.0,,,,42.0,1.4,86.0,2.9
Mississippi,28.0,2017,2017.0,170.0,2984100.0,5.7,33.0,1.1,18.0,,,,76.0,2.5,80.0,2.7
Mississippi,28.0,2018,2018.0,162.0,2986530.0,5.4,38.0,1.3,12.0,,11.0,,69.0,2.3,78.0,2.6
Mississippi,28.0,2019,2019.0,233.0,2976149.0,7.8,76.0,2.6,,,,,134.0,4.5,86.0,2.9
Mississippi,28.0,2020,2020.0,390.0,2966786.0,13.1,68.0,2.3,11.0,,12.0,,307.0,10.3,107.0,3.6
Missouri,29.0,1999,1999.0,74.0,5561948.0,1.3,46.0,0.8,,,11.0,,,,13.0,
Missouri,29.0,2000,2000.0,107.0,5595211.0,1.9,47.0,0.8,,,11.0,,16.0,,39.0,0.7
Missouri,29.0,2001,2001.0,97.0,5641142.0,1.7,22.0,0.4,,,17.0,,23.0,0.4,37.0,0.7
Missouri,29.0,2002,2002.0,150.0,5674825.0,2.6,52.0,0.9,11.0,,22.0,0.4,18.0,,56.0,1.0
Missouri,29.0,2003,2003.0,206.0,5709403.0,3.6,40.0,0.7,21.0,0.4,56.0,1.0,20.0,0.4,100.0,1.8
Missouri,29.0,2004,2004.0,227.0,5747741.0,3.9,55.0,1.0,23.0,0.4,36.0,0.6,34.0,0.6,101.0,1.8
Missouri,29.0,2005,2005.0,252.0,5790300.0,4.4,50.0,0.9,10.0,,75.0,1.3,30.0,0.5,114.0,2.0
Missouri,29.0,2006,2006.0,345.0,5842704.0,5.9,60.0,1.0,17.0,,74.0,1.3,130.0,2.2,114.0,2.0
Missouri,29.0,2007,2007.0,346.0,5887612.0,5.9,65.0,1.1,31.0,0.5,78.0,1.3,61.0,1.0,151.0,2.6
Missouri,29.0,2008,2008.0,411.0,5923916.0,6.9,116.0,2.0,54.0,0.9,74.0,1.2,48.0,0.8,184.0,3.1
Missouri,29.0,2009,2009.0,455.0,5961088.0,7.6,160.0,2.7,69.0,1.2,68.0,1.1,54.0,0.9,145.0,2.4
Missouri,29.0,2010,2010.0,536.0,5988927.0,8.9,178.0,3.0,59.0,1.0,71.0,1.2,78.0,1.3,209.0,3.5
Missouri,29.0,2011,2011.0,518.0,6010688.0,8.6,237.0,3.9,43.0,0.7,70.0,1.2,54.0,0.9,176.0,2.9
Missouri,29.0,2012,2012.0,475.0,6021988.0,7.9,197.0,3.3,46.0,0.8,55.0,0.9,48.0,0.8,166.0,2.8
Missouri,29.0,2013,2013.0,548.0,6044171.0,9.1,249.0,4.1,37.0,0.6,51.0,0.8,82.0,1.4,188.0,3.1
Missouri,29.0,2014,2014.0,625.0,6063589.0,10.3,324.0,5.3,45.0,0.7,48.0,0.8,97.0,1.6,195.0,3.2
Missouri,29.0,2015,2015.0,617.0,6083672.0,10.1,289.0,4.8,42.0,0.7,57.0,0.9,164.0,2.7,191.0,3.1
Missouri,29.0,2016,2016.0,848.0,6093000.0,13.9,368.0,6.0,29.0,0.5,39.0,0.6,429.0,7.0,186.0,3.1
Missouri,29.0,2017,2017.0,888.0,6113532.0,14.5,290.0,4.7,30.0,0.5,29.0,0.5,595.0,9.7,188.0,3.1
Missouri,29.0,2018,2018.0,1083.0,6126452.0,17.7,349.0,5.7,23.0,0.4,37.0,0.6,852.0,13.9,200.0,3.3
Missouri,29.0,2019,2019.0,1034.0,6137428.0,16.8,219.0,3.6,21.0,0.3,28.0,0.5,856.0,13.9,190.0,3.1
Missouri,29.0,2020,2020.0,1326.0,6151548.0,21.6,144.0,2.3,24.0,0.4,26.0,0.4,1176.0,19.1,187.0,3.0
Montana,30.0,1999,1999.0,,897507.0,,,,,,0.0,,0.0,,,
Montana,30.0,2000,2000.0,,902195.0,,,,0.0,,,,0.0,,,
Montana,30.0,2001,2001.0,13.0,906961.0,,,,,,,,,,,
Montana,30.0,2002,2002.0,10.0,911667.0,,0.0,,0.0,,,,0.0,,,
Montana,30.0,2003,2003.0,24.0,919630.0,2.6,,,0.0,,14.0,,,,10.0,
Montana,30.0,2004,2004.0,31.0,930009.0,3.3,,,,,13.0,,,,11.0,
Montana,30.0,2005,2005.0,31.0,940102.0,3.3,,,,,13.0,,,,10.0,
Montana,30.0,2006,2006.0,33.0,952692.0,3.5,0.0,,,,19.0,,,,,
Montana,30.0,2007,2007.0,44.0,964706.0,4.6,,,,,23.0,2.4,,,15.0,
Montana,30.0,2008,2008.0,59.0,976415.0,6.0,,,,,25.0,2.6,11.0,,21.0,2.2
Montana,30.0,2009,2009.0,72.0,983982.0,7.3,0.0,,0.0,,30.0,3.0,16.0,,35.0,3.6
Montana,30.0,2010,2010.0,33.0,989415.0,3.3,0.0,,0.0,,,,,,18.0,
Montana,30.0,2011,2011.0,49.0,998199.0,4.9,,,,,15.0,,12.0,,25.0,2.5
Montana,30.0,2012,2012.0,39.0,1005141.0,3.9,,,,,13.0,,,,16.0,
Montana,30.0,2013,2013.0,51.0,1015165.0,5.0,,,,,13.0,,,,28.0,2.8
Montana,30.0,2014,2014.0,39.0,1023579.0,3.8,,,,,15.0,,10.0,,14.0,
Montana,30.0,2015,2015.0,33.0,1032949.0,3.2,,,,,,,,,18.0,
Montana,30.0,2016,2016.0,35.0,1042520.0,3.4,,,,,,,13.0,,,
Montana,30.0,2017,2017.0,35.0,1050493.0,3.3,,,,,,,,,20.0,1.9
Montana,30.0,2018,2018.0,50.0,1062305.0,4.7,21.0,2.0,10.0,,,,,,14.0,
Montana,30.0,2019,2019.0,61.0,1068778.0,5.7,26.0,2.4,,,,,13.0,,19.0,
Montana,30.0,2020,2020.0,79.0,1080577.0,7.3,28.0,2.6,17.0,,,,29.0,2.7,28.0,2.6
Nebraska,31.0,1999,1999.0,,1704764.0,,,,0.0,,0.0,,,,0.0,
Nebraska,31.0,2000,2000.0,,1711263.0,,0.0,,0.0,,,,,,,
Nebraska,31.0,2001,2001.0,17.0,1719836.0,,0.0,,0.0,,0.0,,,,11.0,
Nebraska,31.0,2002,2002.0,15.0,1728292.0,,,,,,,,,,,
Nebraska,31.0,2003,2003.0,,1738643.0,,0.0,,0.0,,0.0,,,,,
Nebraska,31.0,2004,2004.0,19.0,1749370.0,,,,0.0,,,,,,13.0,
Nebraska,31.0,2005,2005.0,24.0,1761497.0,1.4,0.0,,,,,,,,15.0,
Nebraska,31.0,2006,2006.0,22.0,1772693.0,1.2,,,0.0,,,,,,11.0,
Nebraska,31.0,2007,2007.0,27.0,1783440.0,1.5,0.0,,,,,,,,17.0,
Nebraska,31.0,2008,2008.0,26.0,1796378.0,1.4,0.0,,,,,,,,13.0,
Nebraska,31.0,2009,2009.0,53.0,1812683.0,2.9,,,,,17.0,,,,26.0,1.4
Nebraska,31.0,2010,2010.0,44.0,1826341.0,2.4,0.0,,,,13.0,,15.0,,25.0,1.4
Nebraska,31.0,2011,2011.0,45.0,1842641.0,2.4,,,,,17.0,,,,27.0,1.5
Nebraska,31.0,2012,2012.0,52.0,1855525.0,2.8,,,,,22.0,1.2,10.0,,26.0,1.4
Nebraska,31.0,2013,2013.0,35.0,1868516.0,1.9,,,0.0,,,,,,28.0,1.5
Nebraska,31.0,2014,2014.0,44.0,1881503.0,2.3,,,,,,,12.0,,19.0,
Nebraska,31.0,2015,2015.0,51.0,1896190.0,2.7,,,,,11.0,,11.0,,29.0,1.5
Nebraska,31.0,2016,2016.0,40.0,1907116.0,2.1,,,,,,,11.0,,21.0,1.1
Nebraska,31.0,2017,2017.0,50.0,1920076.0,2.6,,,0.0,,,,22.0,1.1,26.0,1.4
Nebraska,31.0,2018,2018.0,56.0,1929268.0,2.9,,,,,,,23.0,1.2,31.0,1.6
Nebraska,31.0,2019,2019.0,56.0,1934408.0,2.9,15.0,,,,,,22.0,1.1,28.0,1.4
Nebraska,31.0,2020,2020.0,94.0,1937552.0,4.9,20.0,1.0,,,,,69.0,3.6,26.0,1.3
Nevada,32.0,1999,1999.0,102.0,1934718.0,5.3,34.0,1.8,12.0,,,,12.0,,50.0,2.6
Nevada,32.0,2000,2000.0,131.0,1998257.0,6.6,34.0,1.7,14.0,,18.0,,,,67.0,3.4
Nevada,32.0,2001,2001.0,125.0,2098399.0,6.0,21.0,1.0,25.0,1.2,39.0,1.9,,,49.0,2.3
Nevada,32.0,2002,2002.0,158.0,2173791.0,7.3,37.0,1.7,41.0,1.9,38.0,1.7,11.0,,56.0,2.6
Nevada,32.0,2003,2003.0,197.0,2248850.0,8.8,30.0,1.3,51.0,2.3,44.0,2.0,14.0,,78.0,3.5
Nevada,32.0,2004,2004.0,237.0,2346222.0,10.1,27.0,1.2,62.0,2.6,76.0,3.2,17.0,,78.0,3.3
Nevada,32.0,2005,2005.0,256.0,2432143.0,10.5,45.0,1.9,37.0,1.5,74.0,3.0,19.0,,113.0,4.6
Nevada,32.0,2006,2006.0,271.0,2522658.0,10.7,33.0,1.3,46.0,1.8,83.0,3.3,21.0,0.8,133.0,5.3
Nevada,32.0,2007,2007.0,312.0,2601072.0,12.0,39.0,1.5,34.0,1.3,112.0,4.3,18.0,,144.0,5.5
Nevada,32.0,2008,2008.0,330.0,2653630.0,12.4,31.0,1.2,55.0,2.1,98.0,3.7,20.0,0.8,169.0,6.4
Nevada,32.0,2009,2009.0,377.0,2684665.0,14.0,20.0,0.7,45.0,1.7,106.0,3.9,34.0,1.3,219.0,8.2
Nevada,32.0,2010,2010.0,376.0,2700551.0,13.9,18.0,,38.0,1.4,86.0,3.2,32.0,1.2,254.0,9.4
Nevada,32.0,2011,2011.0,399.0,2723322.0,14.7,35.0,1.3,38.0,1.4,85.0,3.1,35.0,1.3,263.0,9.7
Nevada,32.0,2012,2012.0,375.0,2758931.0,13.6,43.0,1.6,37.0,1.3,65.0,2.4,21.0,0.8,247.0,9.0
Nevada,32.0,2013,2013.0,333.0,2790136.0,11.9,46.0,1.6,29.0,1.0,59.0,2.1,19.0,,204.0,7.3
Nevada,32.0,2014,2014.0,316.0,2839099.0,11.1,58.0,2.0,34.0,1.2,57.0,2.0,23.0,0.8,182.0,6.4
Nevada,32.0,2015,2015.0,350.0,2890845.0,12.1,82.0,2.8,32.0,1.1,52.0,1.8,22.0,0.8,206.0,7.1
Nevada,32.0,2016,2016.0,338.0,2940058.0,11.5,84.0,2.9,24.0,0.8,48.0,1.6,37.0,1.3,182.0,6.2
Nevada,32.0,2017,2017.0,339.0,2998039.0,11.3,92.0,3.1,16.0,,38.0,1.3,56.0,1.9,182.0,6.1
Nevada,32.0,2018,2018.0,314.0,3034392.0,10.3,107.0,3.5,10.0,,32.0,1.1,73.0,2.4,162.0,5.3
Nevada,32.0,2019,2019.0,313.0,3080156.0,10.2,116.0,3.8,10.0,,26.0,0.8,96.0,3.1,122.0,4.0
Nevada,32.0,2020,2020.0,513.0,3138259.0,16.3,125.0,4.0,,,32.0,1.0,274.0,8.7,188.0,6.0
New Hampshire,33.0,1999,1999.0,29.0,1222014.0,2.4,,,15.0,,,,,,,
New Hampshire,33.0,2000,2000.0,23.0,1235786.0,1.9,0.0,,11.0,,,,,,,
New Hampshire,33.0,2001,2001.0,34.0,1255517.0,2.7,,,14.0,,11.0,,,,,
New Hampshire,33.0,2002,2002.0,60.0,1269089.0,4.7,,,22.0,1.7,26.0,2.0,,,11.0,
New Hampshire,33.0,2003,2003.0,76.0,1279840.0,5.9,,,24.0,1.9,31.0,2.4,,,19.0,
New Hampshire,33.0,2004,2004.0,80.0,1290121.0,6.2,,,22.0,1.7,29.0,2.2,,,23.0,1.8
New Hampshire,33.0,2005,2005.0,96.0,1298492.0,7.4,,,31.0,2.4,48.0,3.7,,,17.0,
New Hampshire,33.0,2006,2006.0,90.0,1308389.0,6.9,,,23.0,1.8,38.0,2.9,13.0,,30.0,2.3
New Hampshire,33.0,2007,2007.0,129.0,1312540.0,9.8,,,21.0,1.6,63.0,4.8,15.0,,41.0,3.1
New Hampshire,33.0,2008,2008.0,77.0,1315906.0,5.9,10.0,,11.0,,20.0,1.5,10.0,,36.0,2.7
New Hampshire,33.0,2009,2009.0,110.0,1316102.0,8.4,23.0,1.7,13.0,,41.0,3.1,16.0,,38.0,2.9
New Hampshire,33.0,2010,2010.0,96.0,1316470.0,7.3,13.0,,,,28.0,2.1,15.0,,51.0,3.9
New Hampshire,33.0,2011,2011.0,128.0,1318194.0,9.7,40.0,3.0,,,28.0,2.1,19.0,,51.0,3.9
New Hampshire,33.0,2012,2012.0,120.0,1320718.0,9.1,39.0,3.0,16.0,,25.0,1.9,22.0,1.7,46.0,3.5
New Hampshire,33.0,2013,2013.0,145.0,1323459.0,11.0,67.0,5.1,10.0,,14.0,,23.0,1.7,55.0,4.2
New Hampshire,33.0,2014,2014.0,266.0,1326813.0,20.0,98.0,7.4,,,25.0,1.9,145.0,10.9,58.0,4.4
New Hampshire,33.0,2015,2015.0,358.0,1330608.0,26.9,77.0,5.8,,,24.0,1.8,278.0,20.9,47.0,3.5
New Hampshire,33.0,2016,2016.0,414.0,1334795.0,31.0,34.0,2.5,,,24.0,1.8,354.0,26.5,52.0,3.9
New Hampshire,33.0,2017,2017.0,403.0,1342795.0,30.0,28.0,2.1,,,13.0,,364.0,27.1,40.0,3.0
New Hampshire,33.0,2018,2018.0,399.0,1356458.0,29.4,11.0,,,,,,379.0,27.9,29.0,2.1
New Hampshire,33.0,2019,2019.0,354.0,1359711.0,26.0,,,,,,,338.0,24.9,32.0,2.4
New Hampshire,33.0,2020,2020.0,333.0,1366275.0,24.4,,,,,17.0,,313.0,22.9,26.0,1.9
New Jersey,34.0,1999,1999.0,287.0,8359592.0,3.4,192.0,2.3,45.0,0.5,26.0,0.3,16.0,,81.0,1.0
New Jersey,34.0,2000,2000.0,312.0,8414350.0,3.7,195.0,2.3,61.0,0.7,14.0,,15.0,,57.0,0.7
New Jersey,34.0,2001,2001.0,331.0,8492671.0,3.9,186.0,2.2,78.0,0.9,25.0,0.3,19.0,,56.0,0.7
New Jersey,34.0,2002,2002.0,427.0,8552643.0,5.0,227.0,2.7,109.0,1.3,43.0,0.5,15.0,,69.0,0.8
New Jersey,34.0,2003,2003.0,399.0,8601402.0,4.6,206.0,2.4,80.0,0.9,48.0,0.6,18.0,,90.0,1.0
New Jersey,34.0,2004,2004.0,281.0,8634561.0,3.3,115.0,1.3,63.0,0.7,47.0,0.5,16.0,,74.0,0.9
New Jersey,34.0,2005,2005.0,401.0,8651974.0,4.6,165.0,1.9,87.0,1.0,74.0,0.9,20.0,0.2,106.0,1.2
New Jersey,34.0,2006,2006.0,338.0,8661679.0,3.9,103.0,1.2,71.0,0.8,69.0,0.8,30.0,0.3,123.0,1.4
New Jersey,34.0,2007,2007.0,307.0,8677885.0,3.5,102.0,1.2,44.0,0.5,73.0,0.8,26.0,0.3,118.0,1.4
New Jersey,34.0,2008,2008.0,308.0,8711090.0,3.5,115.0,1.3,53.0,0.6,50.0,0.6,17.0,,108.0,1.2
New Jersey,34.0,2009,2009.0,51.0,8755602.0,0.6,19.0,,14.0,,,,,,13.0,
New Jersey,34.0,2010,2010.0,337.0,8791894.0,3.8,92.0,1.0,48.0,0.5,41.0,0.5,31.0,0.4,158.0,1.8
New Jersey,34.0,2011,2011.0,407.0,8821155.0,4.6,125.0,1.4,62.0,0.7,55.0,0.6,26.0,0.3,191.0,2.2
New Jersey,34.0,2012,2012.0,560.0,8864590.0,6.3,301.0,3.4,39.0,0.4,66.0,0.7,30.0,0.3,188.0,2.1
New Jersey,34.0,2013,2013.0,640.0,8899339.0,7.2,379.0,4.3,44.0,0.5,65.0,0.7,52.0,0.6,209.0,2.3
New Jersey,34.0,2014,2014.0,682.0,8938175.0,7.6,420.0,4.7,39.0,0.4,50.0,0.6,102.0,1.1,207.0,2.3
New Jersey,34.0,2015,2015.0,812.0,8958013.0,9.1,500.0,5.6,62.0,0.7,52.0,0.6,224.0,2.5,213.0,2.4
New Jersey,34.0,2016,2016.0,1356.0,8944469.0,15.2,837.0,9.4,65.0,0.7,79.0,0.9,674.0,7.5,320.0,3.6
New Jersey,34.0,2017,2017.0,1895.0,9005644.0,21.0,1073.0,11.9,105.0,1.2,76.0,0.8,1345.0,14.9,375.0,4.2
New Jersey,34.0,2018,2018.0,2520.0,8908520.0,28.3,1276.0,14.3,90.0,1.0,116.0,1.3,2190.0,24.6,378.0,4.2
New Jersey,34.0,2019,2019.0,2451.0,8882190.0,27.6,1001.0,11.3,88.0,1.0,102.0,1.1,2193.0,24.7,333.0,3.7
New Jersey,34.0,2020,2020.0,2499.0,8882371.0,28.1,683.0,7.7,42.0,0.5,135.0,1.5,2316.0,26.1,313.0,3.5
New Mexico,35.0,1999,1999.0,166.0,1808082.0,9.2,22.0,1.2,14.0,,30.0,1.7,19.0,,106.0,5.9
New Mexico,35.0,2000,2000.0,163.0,1819046.0,9.0,38.0,2.1,,,23.0,1.3,16.0,,89.0,4.9
New Mexico,35.0,2001,2001.0,141.0,1831690.0,7.7,22.0,1.2,,,27.0,1.5,13.0,,79.0,4.3
New Mexico,35.0,2002,2002.0,177.0,1855309.0,9.5,23.0,1.2,,,28.0,1.5,13.0,,124.0,6.7
New Mexico,35.0,2003,2003.0,205.0,1877574.0,10.9,25.0,1.3,,,30.0,1.6,23.0,1.2,134.0,7.1
New Mexico,35.0,2004,2004.0,167.0,1903808.0,8.8,32.0,1.7,,,42.0,2.2,15.0,,83.0,4.4
New Mexico,35.0,2005,2005.0,196.0,1932274.0,10.1,43.0,2.2,,,27.0,1.4,,,120.0,6.2
New Mexico,35.0,2006,2006.0,210.0,1962137.0,10.7,19.0,,,,50.0,2.5,20.0,1.0,141.0,7.2
New Mexico,35.0,2007,2007.0,225.0,1990070.0,11.3,26.0,1.3,11.0,,50.0,2.5,15.0,,142.0,7.1
New Mexico,35.0,2008,2008.0,279.0,2010662.0,13.9,62.0,3.1,16.0,,44.0,2.2,18.0,,176.0,8.8
New Mexico,35.0,2009,2009.0,167.0,2036802.0,8.2,46.0,2.3,12.0,,16.0,,17.0,,97.0,4.8
New Mexico,35.0,2010,2010.0,170.0,2059179.0,8.3,19.0,,25.0,1.2,28.0,1.4,17.0,,99.0,4.8
New Mexico,35.0,2011,2011.0,226.0,2082224.0,10.9,67.0,3.2,23.0,1.1,31.0,1.5,15.0,,116.0,5.6
New Mexico,35.0,2012,2012.0,282.0,2085538.0,13.5,104.0,5.0,,,34.0,1.6,31.0,1.5,148.0,7.1
New Mexico,35.0,2013,2013.0,271.0,2085287.0,13.0,88.0,4.2,12.0,,20.0,1.0,18.0,,168.0,8.1
New Mexico,35.0,2014,2014.0,372.0,2085572.0,17.8,139.0,6.7,17.0,,43.0,2.1,57.0,2.7,197.0,9.4
New Mexico,35.0,2015,2015.0,313.0,2085109.0,15.0,153.0,7.3,10.0,,29.0,1.4,36.0,1.7,131.0,6.3
New Mexico,35.0,2016,2016.0,317.0,2081015.0,15.2,159.0,7.6,10.0,,38.0,1.8,74.0,3.6,125.0,6.0
New Mexico,35.0,2017,2017.0,294.0,2088070.0,14.1,139.0,6.7,,,32.0,1.5,66.0,3.2,115.0,5.5
New Mexico,35.0,2018,2018.0,301.0,2095428.0,14.4,129.0,6.2,,,50.0,2.4,91.0,4.3,106.0,5.1
New Mexico,35.0,2019,2019.0,372.0,2096829.0,17.7,182.0,8.7,,,48.0,2.3,141.0,6.7,124.0,5.9
New Mexico,35.0,2020,2020.0,515.0,2106319.0,24.5,181.0,8.6,,,56.0,2.7,318.0,15.1,142.0,6.7
New York,36.0,1999,1999.0,583.0,18882725.0,3.1,39.0,0.2,447.0,2.4,115.0,0.6,10.0,,38.0,0.2
New York,36.0,2000,2000.0,452.0,18976457.0,2.4,26.0,0.1,367.0,1.9,84.0,0.4,,,24.0,0.1
New York,36.0,2001,2001.0,573.0,19082838.0,3.0,55.0,0.3,404.0,2.1,120.0,0.6,21.0,0.1,59.0,0.3
New York,36.0,2002,2002.0,503.0,19137800.0,2.6,49.0,0.3,342.0,1.8,122.0,0.6,19.0,,33.0,0.2
New York,36.0,2003,2003.0,528.0,19175939.0,2.8,48.0,0.3,365.0,1.9,136.0,0.7,18.0,,54.0,0.3
New York,36.0,2004,2004.0,441.0,19171567.0,2.3,32.0,0.2,280.0,1.5,129.0,0.7,12.0,,67.0,0.3
New York,36.0,2005,2005.0,510.0,19132610.0,2.7,34.0,0.2,306.0,1.6,169.0,0.9,15.0,,82.0,0.4
New York,36.0,2006,2006.0,882.0,19104631.0,4.6,103.0,0.5,329.0,1.7,281.0,1.5,98.0,0.5,237.0,1.2
New York,36.0,2007,2007.0,840.0,19132335.0,4.4,181.0,0.9,183.0,1.0,265.0,1.4,68.0,0.4,306.0,1.6
New York,36.0,2008,2008.0,945.0,19212436.0,4.9,205.0,1.1,215.0,1.1,246.0,1.3,90.0,0.5,372.0,1.9
New York,36.0,2009,2009.0,884.0,19307066.0,4.6,229.0,1.2,132.0,0.7,205.0,1.1,138.0,0.7,361.0,1.9
New York,36.0,2010,2010.0,886.0,19378102.0,4.6,172.0,0.9,96.0,0.5,237.0,1.2,122.0,0.6,416.0,2.1
New York,36.0,2011,2011.0,1152.0,19465197.0,5.9,292.0,1.5,146.0,0.8,272.0,1.4,114.0,0.6,506.0,2.6
New York,36.0,2012,2012.0,1353.0,19570261.0,6.9,496.0,2.5,163.0,0.8,310.0,1.6,128.0,0.7,517.0,2.6
New York,36.0,2013,2013.0,1478.0,19651127.0,7.5,633.0,3.2,165.0,0.8,245.0,1.2,176.0,0.9,529.0,2.7
New York,36.0,2014,2014.0,1560.0,19746227.0,7.9,772.0,3.9,126.0,0.6,212.0,1.1,255.0,1.3,526.0,2.7
New York,36.0,2015,2015.0,1936.0,19795791.0,9.8,996.0,5.0,136.0,0.7,223.0,1.1,604.0,3.1,600.0,3.0
New York,36.0,2016,2016.0,2752.0,19745289.0,13.9,1233.0,6.2,163.0,0.8,273.0,1.4,1535.0,7.8,786.0,4.0
New York,36.0,2017,2017.0,2987.0,19849399.0,15.0,1304.0,6.6,109.0,0.5,271.0,1.4,2105.0,10.6,724.0,3.6
New York,36.0,2018,2018.0,2785.0,19542209.0,14.3,1195.0,6.1,76.0,0.4,256.0,1.3,2089.0,10.7,700.0,3.6
New York,36.0,2019,2019.0,2730.0,19453561.0,14.0,1102.0,5.7,61.0,0.3,263.0,1.4,2218.0,11.4,629.0,3.2
New York,36.0,2020,2020.0,3949.0,19336776.0,20.4,1237.0,6.4,68.0,0.4,399.0,2.1,3505.0,18.1,864.0,4.5
North Carolina,37.0,1999,1999.0,117.0,7949361.0,1.5,42.0,0.5,,,34.0,0.4,11.0,,40.0,0.5
North Carolina,37.0,2000,2000.0,213.0,8049313.0,2.6,40.0,0.5,,,76.0,0.9,30.0,0.4,78.0,1.0
North Carolina,37.0,2001,2001.0,271.0,8210122.0,3.3,50.0,0.6,,,90.0,1.1,36.0,0.4,120.0,1.5
North Carolina,37.0,2002,2002.0,358.0,8326201.0,4.3,46.0,0.6,15.0,,175.0,2.1,36.0,0.4,110.0,1.3
North Carolina,37.0,2003,2003.0,445.0,8422501.0,5.3,51.0,0.6,22.0,0.3,230.0,2.7,57.0,0.7,120.0,1.4
North Carolina,37.0,2004,2004.0,490.0,8553152.0,5.7,49.0,0.6,19.0,,245.0,2.9,86.0,1.0,135.0,1.6
North Carolina,37.0,2005,2005.0,578.0,8705407.0,6.6,61.0,0.7,15.0,,274.0,3.1,96.0,1.1,182.0,2.1
North Carolina,37.0,2006,2006.0,610.0,8917270.0,6.8,56.0,0.6,,,311.0,3.5,87.0,1.0,200.0,2.2
North Carolina,37.0,2007,2007.0,652.0,9118037.0,7.2,49.0,0.5,,,308.0,3.4,92.0,1.0,243.0,2.7
North Carolina,37.0,2008,2008.0,747.0,9309449.0,8.0,62.0,0.7,20.0,0.2,283.0,3.0,108.0,1.2,347.0,3.7
North Carolina,37.0,2009,2009.0,735.0,9449566.0,7.8,73.0,0.8,,,233.0,2.5,129.0,1.4,357.0,3.8
North Carolina,37.0,2010,2010.0,669.0,9535483.0,7.0,38.0,0.4,11.0,,180.0,1.9,139.0,1.5,357.0,3.7
North Carolina,37.0,2011,2011.0,749.0,9656401.0,7.8,80.0,0.8,21.0,0.2,196.0,2.0,134.0,1.4,388.0,4.0
North Carolina,37.0,2012,2012.0,740.0,9752073.0,7.6,151.0,1.5,22.0,0.2,170.0,1.7,122.0,1.3,345.0,3.5
North Carolina,37.0,2013,2013.0,741.0,9848060.0,7.5,185.0,1.9,28.0,0.3,157.0,1.6,99.0,1.0,326.0,3.3
North Carolina,37.0,2014,2014.0,858.0,9943964.0,8.6,257.0,2.6,23.0,0.2,120.0,1.2,188.0,1.9,403.0,4.1
North Carolina,37.0,2015,2015.0,1059.0,10042802.0,10.5,385.0,3.8,38.0,0.4,103.0,1.0,269.0,2.7,480.0,4.8
North Carolina,37.0,2016,2016.0,1399.0,10146788.0,13.8,537.0,5.3,30.0,0.3,111.0,1.1,573.0,5.6,540.0,5.3
North Carolina,37.0,2017,2017.0,1834.0,10273419.0,17.9,528.0,5.1,43.0,0.4,102.0,1.0,1240.0,12.1,504.0,4.9
North Carolina,37.0,2018,2018.0,1688.0,10383620.0,16.3,611.0,5.9,41.0,0.4,70.0,0.7,1235.0,11.9,368.0,3.5
North Carolina,37.0,2019,2019.0,1733.0,10488084.0,16.5,580.0,5.5,28.0,0.3,70.0,0.7,1339.0,12.8,305.0,2.9
North Carolina,37.0,2020,2020.0,2551.0,10600823.0,24.1,526.0,5.0,20.0,0.2,94.0,0.9,2239.0,21.1,360.0,3.4
North Dakota,38.0,1999,1999.0,0.0,644259.0,,0.0,,0.0,,0.0,,0.0,,0.0,
North Dakota,38.0,2000,2000.0,,642200.0,,0.0,,,,,,,,,
North Dakota,38.0,2001,2001.0,,639062.0,,0.0,,0.0,,,,,,0.0,
North Dakota,38.0,2002,2002.0,,638168.0,,0.0,,0.0,,,,,,,
North Dakota,38.0,2003,2003.0,,638817.0,,0.0,,0.0,,0.0,,,,,
North Dakota,38.0,2004,2004.0,12.0,644705.0,,0.0,,,,,,,,,
North Dakota,38.0,2005,2005.0,,646089.0,,0.0,,0.0,,,,,,,
North Dakota,38.0,2006,2006.0,,649422.0,,0.0,,0.0,,,,,,,
North Dakota,38.0,2007,2007.0,11.0,652822.0,,0.0,,,,,,,,,
North Dakota,38.0,2008,2008.0,26.0,657569.0,4.0,0.0,,16.0,,,,,,10.0,
North Dakota,38.0,2009,2009.0,15.0,664968.0,,0.0,,11.0,,,,,,,
North Dakota,38.0,2010,2010.0,15.0,672591.0,,0.0,,,,0.0,,,,,
North Dakota,38.0,2011,2011.0,,683932.0,,,,,,,,,,,
North Dakota,38.0,2012,2012.0,,699628.0,,,,,,,,,,,
North Dakota,38.0,2013,2013.0,10.0,723393.0,,0.0,,,,,,,,,
North Dakota,38.0,2014,2014.0,27.0,739482.0,3.7,,,,,,,,,14.0,
North Dakota,38.0,2015,2015.0,32.0,756927.0,4.2,,,10.0,,,,,,14.0,
North Dakota,38.0,2016,2016.0,47.0,757952.0,6.2,12.0,,10.0,,,,15.0,,13.0,
North Dakota,38.0,2017,2017.0,32.0,755393.0,4.2,,,,,0.0,,12.0,,16.0,
North Dakota,38.0,2018,2018.0,33.0,760077.0,4.3,,,,,,,,,18.0,
North Dakota,38.0,2019,2019.0,40.0,762062.0,5.2,,,,,,,10.0,,23.0,3.0
North Dakota,38.0,2020,2020.0,68.0,765309.0,8.9,11.0,,21.0,2.7,0.0,,30.0,3.9,18.0,
Ohio,39.0,1999,1999.0,137.0,11335454.0,1.2,53.0,0.5,23.0,0.2,,,14.0,,56.0,0.5
Ohio,39.0,2000,2000.0,206.0,11353140.0,1.8,73.0,0.6,31.0,0.3,14.0,,22.0,0.2,86.0,0.8
Ohio,39.0,2001,2001.0,277.0,11387404.0,2.4,84.0,0.7,39.0,0.3,30.0,0.3,34.0,0.3,118.0,1.0
Ohio,39.0,2002,2002.0,354.0,11407889.0,3.1,112.0,1.0,40.0,0.4,48.0,0.4,40.0,0.4,155.0,1.4
Ohio,39.0,2003,2003.0,312.0,11434788.0,2.7,87.0,0.8,32.0,0.3,62.0,0.5,33.0,0.3,128.0,1.1
Ohio,39.0,2004,2004.0,445.0,11452251.0,3.9,127.0,1.1,23.0,0.2,122.0,1.1,61.0,0.5,150.0,1.3
Ohio,39.0,2005,2005.0,503.0,11463320.0,4.4,134.0,1.2,41.0,0.4,151.0,1.3,87.0,0.8,169.0,1.5
Ohio,39.0,2006,2006.0,569.0,11481213.0,5.0,122.0,1.1,41.0,0.4,161.0,1.4,110.0,1.0,213.0,1.9
Ohio,39.0,2007,2007.0,651.0,11500468.0,5.7,151.0,1.3,48.0,0.4,185.0,1.6,94.0,0.8,252.0,2.2
Ohio,39.0,2008,2008.0,738.0,11515391.0,6.4,233.0,2.0,55.0,0.5,170.0,1.5,91.0,0.8,287.0,2.5
Ohio,39.0,2009,2009.0,573.0,11528896.0,5.0,209.0,1.8,33.0,0.3,114.0,1.0,69.0,0.6,228.0,2.0
Ohio,39.0,2010,2010.0,1020.0,11536504.0,8.8,349.0,3.0,76.0,0.7,160.0,1.4,143.0,1.2,450.0,3.9
Ohio,39.0,2011,2011.0,1164.0,11544951.0,10.1,431.0,3.7,92.0,0.8,156.0,1.4,134.0,1.2,510.0,4.4
Ohio,39.0,2012,2012.0,1273.0,11544225.0,11.0,682.0,5.9,76.0,0.7,124.0,1.1,125.0,1.1,451.0,3.9
Ohio,39.0,2013,2013.0,1539.0,11570808.0,13.3,983.0,8.5,73.0,0.6,112.0,1.0,150.0,1.3,464.0,4.0
Ohio,39.0,2014,2014.0,2021.0,11594163.0,17.4,1197.0,10.3,82.0,0.7,103.0,0.9,567.0,4.9,571.0,4.9
Ohio,39.0,2015,2015.0,2592.0,11613423.0,22.3,1425.0,12.3,124.0,1.1,107.0,0.9,1197.0,10.3,628.0,5.4
Ohio,39.0,2016,2016.0,3495.0,11614373.0,30.1,1445.0,12.4,181.0,1.6,94.0,0.8,2250.0,19.4,732.0,6.3
Ohio,39.0,2017,2017.0,4161.0,11658609.0,35.7,987.0,8.5,123.0,1.1,98.0,0.8,3443.0,29.5,812.0,7.0
Ohio,39.0,2018,2018.0,3150.0,11689442.0,26.9,714.0,6.1,65.0,0.6,66.0,0.6,2735.0,23.4,469.0,4.0
Ohio,39.0,2019,2019.0,3372.0,11689100.0,28.8,520.0,4.4,66.0,0.6,68.0,0.6,3075.0,26.3,370.0,3.2
Ohio,39.0,2020,2020.0,4310.0,11693217.0,36.9,308.0,2.6,52.0,0.4,79.0,0.7,4064.0,34.8,414.0,3.5
Oklahoma,40.0,1999,1999.0,68.0,3437147.0,2.0,,,0.0,,18.0,,18.0,,38.0,1.1
Oklahoma,40.0,2000,2000.0,93.0,3450654.0,2.7,11.0,,,,27.0,0.8,17.0,,53.0,1.5
Oklahoma,40.0,2001,2001.0,130.0,3467100.0,3.7,,,,,38.0,1.1,15.0,,74.0,2.1
Oklahoma,40.0,2002,2002.0,122.0,3489080.0,3.5,,,,,38.0,1.1,16.0,,68.0,1.9
Oklahoma,40.0,2003,2003.0,213.0,3504892.0,6.1,,,,,81.0,2.3,36.0,1.0,113.0,3.2
Oklahoma,40.0,2004,2004.0,269.0,3525233.0,7.6,,,,,119.0,3.4,35.0,1.0,128.0,3.6
Oklahoma,40.0,2005,2005.0,264.0,3548597.0,7.4,,,,,98.0,2.8,42.0,1.2,143.0,4.0
Oklahoma,40.0,2006,2006.0,337.0,3594090.0,9.4,,,,,144.0,4.0,39.0,1.1,176.0,4.9
Oklahoma,40.0,2007,2007.0,433.0,3634349.0,11.9,,,,,168.0,4.6,54.0,1.5,249.0,6.9
Oklahoma,40.0,2008,2008.0,361.0,3668976.0,9.8,,,,,104.0,2.8,55.0,1.5,221.0,6.0
Oklahoma,40.0,2009,2009.0,506.0,3717572.0,13.6,15.0,,,,103.0,2.8,135.0,3.6,313.0,8.4
Oklahoma,40.0,2010,2010.0,447.0,3751351.0,11.9,,,,,89.0,2.4,92.0,2.5,300.0,8.0
Oklahoma,40.0,2011,2011.0,428.0,3791508.0,11.3,14.0,,14.0,,64.0,1.7,75.0,2.0,310.0,8.2
Oklahoma,40.0,2012,2012.0,482.0,3814820.0,12.6,26.0,0.7,,,74.0,1.9,98.0,2.6,343.0,9.0
Oklahoma,40.0,2013,2013.0,468.0,3850568.0,12.2,22.0,0.6,,,68.0,1.8,80.0,2.1,337.0,8.8
Oklahoma,40.0,2014,2014.0,455.0,3878051.0,11.7,25.0,0.6,12.0,,63.0,1.6,65.0,1.7,332.0,8.6
Oklahoma,40.0,2015,2015.0,396.0,3911338.0,10.1,35.0,0.9,,,62.0,1.6,86.0,2.2,253.0,6.5
Oklahoma,40.0,2016,2016.0,411.0,3923561.0,10.5,53.0,1.4,,,44.0,1.1,93.0,2.4,260.0,6.6
Oklahoma,40.0,2017,2017.0,340.0,3930864.0,8.6,60.0,1.5,,,29.0,0.7,95.0,2.4,187.0,4.8
Oklahoma,40.0,2018,2018.0,271.0,3943079.0,6.9,84.0,2.1,,,18.0,,72.0,1.8,126.0,3.2
Oklahoma,40.0,2019,2019.0,246.0,3956971.0,6.2,75.0,1.9,,,19.0,,76.0,1.9,96.0,2.4
Oklahoma,40.0,2020,2020.0,299.0,3980783.0,7.5,86.0,2.2,,,17.0,,145.0,3.6,86.0,2.2
Oregon,41.0,1999,1999.0,89.0,3393941.0,2.6,59.0,1.7,25.0,0.7,,,,,14.0,
Oregon,41.0,2000,2000.0,76.0,3421399.0,2.2,28.0,0.8,18.0,,18.0,,,,15.0,
Oregon,41.0,2001,2001.0,96.0,3467937.0,2.8,34.0,1.0,21.0,0.6,24.0,0.7,,,21.0,0.6
Oregon,41.0,2002,2002.0,133.0,3513424.0,3.8,39.0,1.1,24.0,0.7,60.0,1.7,,,25.0,0.7
Oregon,41.0,2003,2003.0,148.0,3547376.0,4.2,31.0,0.9,12.0,,66.0,1.9,,,53.0,1.5
Oregon,41.0,2004,2004.0,159.0,3569463.0,4.5,47.0,1.3,16.0,,68.0,1.9,,,37.0,1.0
Oregon,41.0,2005,2005.0,187.0,3613202.0,5.2,38.0,1.1,31.0,0.9,90.0,2.5,10.0,,39.0,1.1
Oregon,41.0,2006,2006.0,255.0,3670883.0,6.9,56.0,1.5,31.0,0.8,110.0,3.0,14.0,,69.0,1.9
Oregon,41.0,2007,2007.0,279.0,3722417.0,7.5,105.0,2.8,25.0,0.7,107.0,2.9,13.0,,58.0,1.6
Oregon,41.0,2008,2008.0,280.0,3768748.0,7.4,88.0,2.3,49.0,1.3,104.0,2.8,17.0,,69.0,1.8
Oregon,41.0,2009,2009.0,299.0,3808600.0,7.9,113.0,3.0,23.0,0.6,93.0,2.4,20.0,0.5,83.0,2.2
Oregon,41.0,2010,2010.0,242.0,3831074.0,6.3,79.0,2.1,12.0,,84.0,2.2,16.0,,80.0,2.1
Oregon,41.0,2011,2011.0,313.0,3871859.0,8.1,130.0,3.4,15.0,,80.0,2.1,20.0,0.5,104.0,2.7
Oregon,41.0,2012,2012.0,264.0,3899353.0,6.8,121.0,3.1,16.0,,65.0,1.7,21.0,0.5,84.0,2.2
Oregon,41.0,2013,2013.0,242.0,3930065.0,6.2,98.0,2.5,20.0,0.5,55.0,1.4,15.0,,88.0,2.2
Oregon,41.0,2014,2014.0,268.0,3970239.0,6.8,118.0,3.0,19.0,,52.0,1.3,22.0,0.6,86.0,2.2
Oregon,41.0,2015,2015.0,250.0,4028977.0,6.2,92.0,2.3,14.0,,57.0,1.4,21.0,0.5,103.0,2.6
Oregon,41.0,2016,2016.0,250.0,4093465.0,6.1,109.0,2.7,13.0,,33.0,0.8,34.0,0.8,92.0,2.2
Oregon,41.0,2017,2017.0,284.0,4142776.0,6.9,118.0,2.8,29.0,0.7,32.0,0.8,73.0,1.8,85.0,2.1
Oregon,41.0,2018,2018.0,288.0,4190713.0,6.9,149.0,3.6,40.0,1.0,28.0,0.7,89.0,2.1,91.0,2.2
Oregon,41.0,2019,2019.0,282.0,4217737.0,6.7,144.0,3.4,40.0,0.9,23.0,0.5,85.0,2.0,69.0,1.6
Oregon,41.0,2020,2020.0,462.0,4241507.0,10.9,193.0,4.6,50.0,1.2,31.0,0.7,231.0,5.4,90.0,2.1
Pennsylvania,42.0,1999,1999.0,219.0,12263805.0,1.8,130.0,1.1,51.0,0.4,,,13.0,,45.0,0.4
Pennsylvania,42.0,2000,2000.0,260.0,12281054.0,2.1,124.0,1.0,56.0,0.5,17.0,,21.0,0.2,73.0,0.6
Pennsylvania,42.0,2001,2001.0,225.0,12298970.0,1.8,116.0,0.9,32.0,0.3,14.0,,21.0,0.2,60.0,0.5
Pennsylvania,42.0,2002,2002.0,311.0,12331031.0,2.5,131.0,1.1,62.0,0.5,36.0,0.3,38.0,0.3,77.0,0.6
Pennsylvania,42.0,2003,2003.0,416.0,12374658.0,3.4,158.0,1.3,74.0,0.6,67.0,0.5,55.0,0.4,112.0,0.9
Pennsylvania,42.0,2004,2004.0,432.0,12410722.0,3.5,130.0,1.0,58.0,0.5,88.0,0.7,73.0,0.6,133.0,1.1
Pennsylvania,42.0,2005,2005.0,453.0,12449990.0,3.6,135.0,1.1,71.0,0.6,105.0,0.8,61.0,0.5,133.0,1.1
Pennsylvania,42.0,2006,2006.0,380.0,12510809.0,3.0,87.0,0.7,57.0,0.5,91.0,0.7,85.0,0.7,122.0,1.0
Pennsylvania,42.0,2007,2007.0,432.0,12563937.0,3.4,80.0,0.6,52.0,0.4,110.0,0.9,68.0,0.5,192.0,1.5
Pennsylvania,42.0,2008,2008.0,551.0,12612285.0,4.4,149.0,1.2,68.0,0.5,105.0,0.8,84.0,0.7,231.0,1.8
Pennsylvania,42.0,2009,2009.0,545.0,12666858.0,4.3,161.0,1.3,57.0,0.4,98.0,0.8,85.0,0.7,244.0,1.9
Pennsylvania,42.0,2010,2010.0,549.0,12702379.0,4.3,122.0,1.0,51.0,0.4,102.0,0.8,85.0,0.7,281.0,2.2
Pennsylvania,42.0,2011,2011.0,681.0,12742886.0,5.3,218.0,1.7,72.0,0.6,83.0,0.7,95.0,0.7,296.0,2.3
Pennsylvania,42.0,2012,2012.0,756.0,12763536.0,5.9,312.0,2.4,51.0,0.4,80.0,0.6,83.0,0.7,322.0,2.5
Pennsylvania,42.0,2013,2013.0,886.0,12773801.0,6.9,393.0,3.1,80.0,0.6,78.0,0.6,97.0,0.8,364.0,2.8
Pennsylvania,42.0,2014,2014.0,1005.0,12787209.0,7.9,483.0,3.8,70.0,0.5,76.0,0.6,203.0,1.6,361.0,2.8
Pennsylvania,42.0,2015,2015.0,1268.0,12802503.0,9.9,638.0,5.0,94.0,0.7,79.0,0.6,405.0,3.2,420.0,3.3
Pennsylvania,42.0,2016,2016.0,2112.0,12784227.0,16.5,892.0,7.0,79.0,0.6,110.0,0.9,1268.0,9.9,569.0,4.5
Pennsylvania,42.0,2017,2017.0,2413.0,12805537.0,18.8,786.0,6.1,83.0,0.6,61.0,0.5,1908.0,14.9,500.0,3.9
Pennsylvania,42.0,2018,2018.0,2705.0,12807060.0,21.1,813.0,6.3,86.0,0.7,113.0,0.9,2326.0,18.2,528.0,4.1
Pennsylvania,42.0,2019,2019.0,2883.0,12801989.0,22.5,797.0,6.2,73.0,0.6,122.0,1.0,2563.0,20.0,457.0,3.6
Pennsylvania,42.0,2020,2020.0,3748.0,12783254.0,29.3,784.0,6.1,65.0,0.5,146.0,1.1,3463.0,27.1,569.0,4.5
Rhode Island,44.0,1999,1999.0,,1040402.0,,,,,,,,0.0,,0.0,
Rhode Island,44.0,2000,2000.0,,1048319.0,,0.0,,,,0.0,,,,0.0,
Rhode Island,44.0,2001,2001.0,,1057142.0,,0.0,,,,,,0.0,,,
Rhode Island,44.0,2002,2002.0,,1065995.0,,,,0.0,,,,0.0,,0.0,
Rhode Island,44.0,2003,2003.0,,1071342.0,,0.0,,,,,,,,0.0,
Rhode Island,44.0,2004,2004.0,,1074579.0,,0.0,,0.0,,,,0.0,,0.0,
Rhode Island,44.0,2005,2005.0,19.0,1067916.0,,,,,,,,,,,
Rhode Island,44.0,2006,2006.0,102.0,1063096.0,9.6,,,46.0,4.3,36.0,3.4,,,31.0,2.9
Rhode Island,44.0,2007,2007.0,78.0,1057315.0,7.4,,,36.0,3.4,27.0,2.6,,,13.0,
Rhode Island,44.0,2008,2008.0,121.0,1055003.0,11.5,,,67.0,6.4,27.0,2.6,,,24.0,2.3
Rhode Island,44.0,2009,2009.0,102.0,1053646.0,9.7,,,49.0,4.7,37.0,3.5,,,20.0,1.9
Rhode Island,44.0,2010,2010.0,106.0,1052567.0,10.1,,,40.0,3.8,25.0,2.4,11.0,,42.0,4.0
Rhode Island,44.0,2011,2011.0,132.0,1051302.0,12.6,12.0,,40.0,3.8,28.0,2.7,,,57.0,5.4
Rhode Island,44.0,2012,2012.0,134.0,1050292.0,12.8,30.0,2.9,26.0,2.5,27.0,2.6,12.0,,67.0,6.4
Rhode Island,44.0,2013,2013.0,180.0,1051511.0,17.1,65.0,6.2,37.0,3.5,27.0,2.6,30.0,2.9,71.0,6.8
Rhode Island,44.0,2014,2014.0,192.0,1055173.0,18.2,65.0,6.2,29.0,2.7,23.0,2.2,79.0,7.5,59.0,5.6
Rhode Island,44.0,2015,2015.0,242.0,1056298.0,22.9,45.0,4.3,43.0,4.1,29.0,2.7,135.0,12.8,87.0,8.2
Rhode Island,44.0,2016,2016.0,268.0,1056426.0,25.4,25.0,2.4,45.0,4.3,29.0,2.7,182.0,17.2,80.0,7.6
Rhode Island,44.0,2017,2017.0,268.0,1059639.0,25.3,13.0,,30.0,2.8,30.0,2.8,197.0,18.6,69.0,6.5
Rhode Island,44.0,2018,2018.0,258.0,1057315.0,24.4,24.0,2.3,20.0,1.9,32.0,3.0,212.0,20.1,50.0,4.7
Rhode Island,44.0,2019,2019.0,233.0,1059361.0,22.0,18.0,,11.0,,22.0,2.1,200.0,18.9,38.0,3.6
Rhode Island,44.0,2020,2020.0,324.0,1057125.0,30.6,,,,,49.0,4.6,287.0,27.1,41.0,3.9
South Carolina,45.0,1999,1999.0,40.0,3974682.0,1.0,,,,,13.0,,,,20.0,0.5
South Carolina,45.0,2000,2000.0,74.0,4012012.0,1.8,11.0,,,,11.0,,15.0,,36.0,0.9
South Carolina,45.0,2001,2001.0,79.0,4064995.0,1.9,,,,,15.0,,,,52.0,1.3
South Carolina,45.0,2002,2002.0,67.0,4107795.0,1.6,,,,,,,16.0,,32.0,0.8
South Carolina,45.0,2003,2003.0,78.0,4150297.0,1.9,,,,,19.0,,18.0,,43.0,1.0
South Carolina,45.0,2004,2004.0,110.0,4210921.0,2.6,,,,,37.0,0.9,26.0,0.6,52.0,1.2
South Carolina,45.0,2005,2005.0,130.0,4270150.0,3.0,,,,,56.0,1.3,24.0,0.6,50.0,1.2
South Carolina,45.0,2006,2006.0,195.0,4357847.0,4.5,,,,,68.0,1.6,38.0,0.9,101.0,2.3
South Carolina,45.0,2007,2007.0,166.0,4444110.0,3.7,,,11.0,,54.0,1.2,26.0,0.6,92.0,2.1
South Carolina,45.0,2008,2008.0,185.0,4528996.0,4.1,10.0,,,,53.0,1.2,33.0,0.7,102.0,2.3
South Carolina,45.0,2009,2009.0,215.0,4589872.0,4.7,19.0,,,,57.0,1.2,52.0,1.1,108.0,2.4
South Carolina,45.0,2010,2010.0,245.0,4625364.0,5.3,14.0,,,,72.0,1.6,51.0,1.1,130.0,2.8
South Carolina,45.0,2011,2011.0,219.0,4679230.0,4.7,12.0,,,,61.0,1.3,42.0,0.9,124.0,2.7
South Carolina,45.0,2012,2012.0,218.0,4723723.0,4.6,18.0,,12.0,,35.0,0.7,44.0,0.9,135.0,2.9
South Carolina,45.0,2013,2013.0,231.0,4774839.0,4.8,32.0,0.7,,,47.0,1.0,43.0,0.9,134.0,2.8
South Carolina,45.0,2014,2014.0,480.0,4832482.0,9.9,61.0,1.3,19.0,,75.0,1.6,101.0,2.1,297.0,6.1
South Carolina,45.0,2015,2015.0,509.0,4896146.0,10.4,95.0,1.9,22.0,0.4,54.0,1.1,148.0,3.0,292.0,6.0
South Carolina,45.0,2016,2016.0,578.0,4961119.0,11.7,115.0,2.3,24.0,0.5,53.0,1.1,222.0,4.5,306.0,6.2
South Carolina,45.0,2017,2017.0,712.0,5024369.0,14.2,151.0,3.0,27.0,0.5,42.0,0.8,395.0,7.9,287.0,5.7
South Carolina,45.0,2018,2018.0,804.0,5084127.0,15.8,182.0,3.6,32.0,0.6,57.0,1.1,498.0,9.8,310.0,6.1
South Carolina,45.0,2019,2019.0,836.0,5148714.0,16.2,196.0,3.8,32.0,0.6,28.0,0.5,557.0,10.8,313.0,6.1
South Carolina,45.0,2020,2020.0,1369.0,5218040.0,26.2,249.0,4.8,31.0,0.6,41.0,0.8,1136.0,21.8,373.0,7.1
South Dakota,46.0,1999,1999.0,,750412.0,,0.0,,0.0,,0.0,,,,,
South Dakota,46.0,2000,2000.0,,754844.0,,0.0,,0.0,,0.0,,,,0.0,
South Dakota,46.0,2001,2001.0,,757972.0,,0.0,,0.0,,,,0.0,,,
South Dakota,46.0,2002,2002.0,,760020.0,,0.0,,0.0,,0.0,,,,,
South Dakota,46.0,2003,2003.0,,763729.0,,0.0,,0.0,,0.0,,,,,
South Dakota,46.0,2004,2004.0,16.0,770396.0,,0.0,,,,,,,,,
South Dakota,46.0,2005,2005.0,13.0,775493.0,,0.0,,0.0,,,,,,10.0,
South Dakota,46.0,2006,2006.0,17.0,783033.0,,0.0,,0.0,,,,0.0,,14.0,
South Dakota,46.0,2007,2007.0,11.0,791623.0,,0.0,,,,,,,,,
South Dakota,46.0,2008,2008.0,20.0,799124.0,2.5,,,,,,,,,12.0,
South Dakota,46.0,2009,2009.0,23.0,807067.0,2.8,,,0.0,,,,,,12.0,
South Dakota,46.0,2010,2010.0,16.0,814180.0,,0.0,,,,,,,,,
South Dakota,46.0,2011,2011.0,29.0,824082.0,3.5,,,,,,,,,16.0,
South Dakota,46.0,2012,2012.0,17.0,833354.0,,,,,,0.0,,,,12.0,
South Dakota,46.0,2013,2013.0,23.0,844877.0,2.7,0.0,,,,,,,,18.0,
South Dakota,46.0,2014,2014.0,28.0,853175.0,3.3,,,0.0,,,,,,16.0,
South Dakota,46.0,2015,2015.0,22.0,858469.0,2.6,,,,,,,,,,
South Dakota,46.0,2016,2016.0,35.0,865454.0,4.0,,,,,,,,,18.0,
South Dakota,46.0,2017,2017.0,28.0,869666.0,3.2,,,0.0,,,,12.0,,,
South Dakota,46.0,2018,2018.0,23.0,882235.0,2.6,,,0.0,,,,12.0,,,
South Dakota,46.0,2019,2019.0,34.0,884659.0,3.8,,,0.0,,,,22.0,2.5,11.0,
South Dakota,46.0,2020,2020.0,44.0,892717.0,4.9,,,,,0.0,,33.0,3.7,13.0,
Tennessee,47.0,1999,1999.0,61.0,5638706.0,1.1,10.0,,,,,,,,33.0,0.6
Tennessee,47.0,2000,2000.0,57.0,5689283.0,1.0,,,12.0,,10.0,,,,28.0,0.5
Tennessee,47.0,2001,2001.0,97.0,5750789.0,1.7,,,27.0,0.5,14.0,,,,58.0,1.0
Tennessee,47.0,2002,2002.0,126.0,5795918.0,2.2,,,36.0,0.6,37.0,0.6,14.0,,58.0,1.0
Tennessee,47.0,2003,2003.0,216.0,5847812.0,3.7,,,36.0,0.6,58.0,1.0,50.0,0.9,99.0,1.7
Tennessee,47.0,2004,2004.0,294.0,5910809.0,5.0,,,45.0,0.8,99.0,1.7,52.0,0.9,139.0,2.4
Tennessee,47.0,2005,2005.0,347.0,5991057.0,5.8,10.0,,56.0,0.9,119.0,2.0,57.0,1.0,163.0,2.7
Tennessee,47.0,2006,2006.0,367.0,6088766.0,6.0,,,51.0,0.8,153.0,2.5,47.0,0.8,164.0,2.7
Tennessee,47.0,2007,2007.0,390.0,6175727.0,6.3,,,46.0,0.7,140.0,2.3,64.0,1.0,185.0,3.0
Tennessee,47.0,2008,2008.0,420.0,6247411.0,6.7,,,29.0,0.5,107.0,1.7,84.0,1.3,232.0,3.7
Tennessee,47.0,2009,2009.0,458.0,6306019.0,7.3,21.0,0.3,56.0,0.9,95.0,1.5,58.0,0.9,288.0,4.6
Tennessee,47.0,2010,2010.0,550.0,6346105.0,8.7,15.0,,50.0,0.8,117.0,1.8,63.0,1.0,360.0,5.7
Tennessee,47.0,2011,2011.0,575.0,6403353.0,9.0,19.0,,63.0,1.0,85.0,1.3,57.0,0.9,409.0,6.4
Tennessee,47.0,2012,2012.0,651.0,6456243.0,10.1,48.0,0.7,63.0,1.0,97.0,1.5,63.0,1.0,439.0,6.8
Tennessee,47.0,2013,2013.0,692.0,6495978.0,10.7,68.0,1.0,61.0,0.9,81.0,1.2,83.0,1.3,470.0,7.2
Tennessee,47.0,2014,2014.0,799.0,6549352.0,12.2,142.0,2.2,59.0,0.9,65.0,1.0,125.0,1.9,509.0,7.8
Tennessee,47.0,2015,2015.0,947.0,6600299.0,14.3,197.0,3.0,48.0,0.7,62.0,0.9,231.0,3.5,583.0,8.8
Tennessee,47.0,2016,2016.0,1103.0,6651194.0,16.6,256.0,3.8,33.0,0.5,79.0,1.2,377.0,5.7,610.0,9.2
Tennessee,47.0,2017,2017.0,1197.0,6715984.0,17.8,302.0,4.5,49.0,0.7,65.0,1.0,574.0,8.5,548.0,8.2
Tennessee,47.0,2018,2018.0,1251.0,6770010.0,18.5,365.0,5.4,28.0,0.4,65.0,1.0,817.0,12.1,458.0,6.8
Tennessee,47.0,2019,2019.0,1484.0,6829174.0,21.7,374.0,5.5,27.0,0.4,50.0,0.7,1135.0,16.6,429.0,6.3
Tennessee,47.0,2020,2020.0,2352.0,6886834.0,34.2,327.0,4.7,23.0,0.3,54.0,0.8,2077.0,30.2,526.0,7.6
Texas,48.0,1999,1999.0,282.0,20558220.0,1.4,100.0,0.5,65.0,0.3,20.0,0.1,28.0,0.1,85.0,0.4
Texas,48.0,2000,2000.0,319.0,20851820.0,1.5,109.0,0.5,44.0,0.2,44.0,0.2,27.0,0.1,121.0,0.6
Texas,48.0,2001,2001.0,471.0,21319622.0,2.2,175.0,0.8,53.0,0.2,81.0,0.4,50.0,0.2,162.0,0.8
Texas,48.0,2002,2002.0,598.0,21690325.0,2.8,172.0,0.8,56.0,0.3,113.0,0.5,82.0,0.4,230.0,1.1
Texas,48.0,2003,2003.0,652.0,22030931.0,3.0,182.0,0.8,61.0,0.3,125.0,0.6,54.0,0.2,275.0,1.2
Texas,48.0,2004,2004.0,679.0,22394023.0,3.0,188.0,0.8,50.0,0.2,138.0,0.6,67.0,0.3,289.0,1.3
Texas,48.0,2005,2005.0,753.0,22778123.0,3.3,201.0,0.9,60.0,0.3,172.0,0.8,66.0,0.3,335.0,1.5
Texas,48.0,2006,2006.0,952.0,23359580.0,4.1,210.0,0.9,50.0,0.2,212.0,0.9,83.0,0.4,491.0,2.1
Texas,48.0,2007,2007.0,919.0,23831983.0,3.9,209.0,0.9,86.0,0.4,180.0,0.8,91.0,0.4,456.0,1.9
Texas,48.0,2008,2008.0,847.0,24309039.0,3.5,248.0,1.0,89.0,0.4,162.0,0.7,69.0,0.3,372.0,1.5
Texas,48.0,2009,2009.0,1014.0,24801761.0,4.1,301.0,1.2,96.0,0.4,163.0,0.7,124.0,0.5,453.0,1.8
Texas,48.0,2010,2010.0,1007.0,25145561.0,4.0,252.0,1.0,100.0,0.4,166.0,0.7,125.0,0.5,470.0,1.9
Texas,48.0,2011,2011.0,1063.0,25674681.0,4.1,362.0,1.4,110.0,0.4,173.0,0.7,88.0,0.3,440.0,1.7
Texas,48.0,2012,2012.0,997.0,26059203.0,3.8,358.0,1.4,115.0,0.4,121.0,0.5,94.0,0.4,395.0,1.5
Texas,48.0,2013,2013.0,950.0,26448193.0,3.6,364.0,1.4,102.0,0.4,122.0,0.5,88.0,0.3,375.0,1.4
Texas,48.0,2014,2014.0,1040.0,26956958.0,3.9,418.0,1.6,98.0,0.4,109.0,0.4,123.0,0.5,402.0,1.5
Texas,48.0,2015,2015.0,1186.0,27469114.0,4.3,518.0,1.9,93.0,0.3,137.0,0.5,159.0,0.6,414.0,1.5
Texas,48.0,2016,2016.0,1259.0,27862596.0,4.5,524.0,1.9,108.0,0.4,136.0,0.5,213.0,0.8,428.0,1.5
Texas,48.0,2017,2017.0,1325.0,28304596.0,4.7,564.0,2.0,85.0,0.3,119.0,0.4,316.0,1.1,445.0,1.6
Texas,48.0,2018,2018.0,1280.0,28701845.0,4.5,656.0,2.3,59.0,0.2,103.0,0.4,328.0,1.1,375.0,1.3
Texas,48.0,2019,2019.0,1373.0,28995881.0,4.7,722.0,2.5,56.0,0.2,97.0,0.3,382.0,1.3,370.0,1.3
Texas,48.0,2020,2020.0,2018.0,29360759.0,6.9,768.0,2.6,65.0,0.2,108.0,0.4,1009.0,3.4,481.0,1.6
Utah,49.0,1999,1999.0,13.0,2203482.0,,,,,,,,,,,
Utah,49.0,2000,2000.0,17.0,2233169.0,,,,,,,,,,10.0,
Utah,49.0,2001,2001.0,27.0,2283715.0,1.2,,,11.0,,,,,,12.0,
Utah,49.0,2002,2002.0,51.0,2324815.0,2.2,,,15.0,,17.0,,,,23.0,1.0
Utah,49.0,2003,2003.0,38.0,2360137.0,1.6,,,11.0,,,,,,17.0,
Utah,49.0,2004,2004.0,55.0,2401580.0,2.3,,,19.0,,18.0,,,,23.0,1.0
Utah,49.0,2005,2005.0,64.0,2457719.0,2.6,11.0,,16.0,,27.0,1.1,10.0,,19.0,
Utah,49.0,2006,2006.0,58.0,2525507.0,2.3,12.0,,15.0,,22.0,0.9,,,18.0,
Utah,49.0,2007,2007.0,94.0,2597746.0,3.6,14.0,,18.0,,22.0,0.8,13.0,,52.0,2.0
Utah,49.0,2008,2008.0,153.0,2663029.0,5.7,29.0,1.1,45.0,1.7,48.0,1.8,11.0,,83.0,3.1
Utah,49.0,2009,2009.0,165.0,2723421.0,6.1,23.0,0.8,27.0,1.0,35.0,1.3,26.0,1.0,101.0,3.7
Utah,49.0,2010,2010.0,189.0,2763885.0,6.8,30.0,1.1,34.0,1.2,40.0,1.4,25.0,0.9,115.0,4.2
Utah,49.0,2011,2011.0,231.0,2817222.0,8.2,43.0,1.5,25.0,0.9,47.0,1.7,32.0,1.1,164.0,5.8
Utah,49.0,2012,2012.0,258.0,2855287.0,9.0,56.0,2.0,18.0,,42.0,1.5,37.0,1.3,193.0,6.8
Utah,49.0,2013,2013.0,286.0,2900872.0,9.9,85.0,2.9,10.0,,50.0,1.7,38.0,1.3,227.0,7.8
Utah,49.0,2014,2014.0,328.0,2942902.0,11.1,90.0,3.1,11.0,,33.0,1.1,46.0,1.6,267.0,9.1
Utah,49.0,2015,2015.0,328.0,2995919.0,10.9,109.0,3.6,18.0,,38.0,1.3,43.0,1.4,258.0,8.6
Utah,49.0,2016,2016.0,353.0,3051217.0,11.6,152.0,5.0,17.0,,22.0,0.7,50.0,1.6,243.0,8.0
Utah,49.0,2017,2017.0,350.0,3101833.0,11.3,134.0,4.3,,,36.0,1.2,71.0,2.3,212.0,6.8
Utah,49.0,2018,2018.0,375.0,3161105.0,11.9,151.0,4.8,,,32.0,1.0,73.0,2.3,234.0,7.4
Utah,49.0,2019,2019.0,332.0,3205958.0,10.4,135.0,4.2,,,26.0,0.8,79.0,2.5,202.0,6.3
Utah,49.0,2020,2020.0,372.0,3249879.0,11.4,135.0,4.2,,,15.0,,135.0,4.2,165.0,5.1
Vermont,50.0,1999,1999.0,,604683.0,,,,,,,,0.0,,,
Vermont,50.0,2000,2000.0,18.0,608827.0,,,,,,,,0.0,,12.0,
Vermont,50.0,2001,2001.0,23.0,612223.0,3.8,,,,,,,,,14.0,
Vermont,50.0,2002,2002.0,24.0,615442.0,3.9,,,,,,,,,11.0,
Vermont,50.0,2003,2003.0,41.0,617858.0,6.6,,,,,10.0,,,,29.0,4.7
Vermont,50.0,2004,2004.0,28.0,619920.0,4.5,,,,,,,,,18.0,
Vermont,50.0,2005,2005.0,27.0,621215.0,4.3,,,,,12.0,,,,13.0,
Vermont,50.0,2006,2006.0,49.0,622892.0,7.9,,,,,25.0,4.0,12.0,,19.0,
Vermont,50.0,2007,2007.0,38.0,623481.0,6.1,,,,,16.0,,,,20.0,3.2
Vermont,50.0,2008,2008.0,50.0,624151.0,8.0,,,,,17.0,,12.0,,26.0,4.2
Vermont,50.0,2009,2009.0,32.0,624817.0,5.1,,,,,12.0,,,,16.0,
Vermont,50.0,2010,2010.0,29.0,625741.0,4.6,,,,,,,,,16.0,
Vermont,50.0,2011,2011.0,49.0,626431.0,7.8,,,,,11.0,,11.0,,27.0,4.3
Vermont,50.0,2012,2012.0,44.0,626011.0,7.0,10.0,,,,14.0,,,,19.0,
Vermont,50.0,2013,2013.0,56.0,626630.0,8.9,18.0,,0.0,,12.0,,15.0,,26.0,4.1
Vermont,50.0,2014,2014.0,52.0,626562.0,8.3,31.0,4.9,0.0,,,,19.0,,13.0,
Vermont,50.0,2015,2015.0,73.0,626042.0,11.7,33.0,5.3,,,,,32.0,5.1,20.0,3.2
Vermont,50.0,2016,2016.0,88.0,624594.0,14.1,45.0,7.2,0.0,,10.0,,49.0,7.8,16.0,
Vermont,50.0,2017,2017.0,103.0,623657.0,16.5,40.0,6.4,,,12.0,,73.0,11.7,21.0,3.4
Vermont,50.0,2018,2018.0,119.0,626299.0,19.0,67.0,10.7,,,,,103.0,16.4,16.0,
Vermont,50.0,2019,2019.0,103.0,623989.0,16.5,37.0,5.9,,,,,94.0,15.1,16.0,
Vermont,50.0,2020,2020.0,151.0,623347.0,24.2,39.0,6.3,,,11.0,,134.0,21.5,28.0,4.5
Virginia,51.0,1999,1999.0,167.0,7000174.0,2.4,65.0,0.9,27.0,0.4,17.0,,11.0,,87.0,1.2
Virginia,51.0,2000,2000.0,208.0,7078515.0,2.9,62.0,0.9,51.0,0.7,27.0,0.4,13.0,,90.0,1.3
Virginia,51.0,2001,2001.0,240.0,7198362.0,3.3,84.0,1.2,28.0,0.4,56.0,0.8,18.0,,104.0,1.4
Virginia,51.0,2002,2002.0,304.0,7286873.0,4.2,89.0,1.2,43.0,0.6,76.0,1.0,36.0,0.5,119.0,1.6
Virginia,51.0,2003,2003.0,315.0,7366977.0,4.3,86.0,1.2,42.0,0.6,100.0,1.4,32.0,0.4,120.0,1.6
Virginia,51.0,2004,2004.0,334.0,7475575.0,4.5,65.0,0.9,43.0,0.6,104.0,1.4,44.0,0.6,146.0,2.0
Virginia,51.0,2005,2005.0,313.0,7577105.0,4.1,61.0,0.8,38.0,0.5,106.0,1.4,32.0,0.4,126.0,1.7
Virginia,51.0,2006,2006.0,348.0,7673725.0,4.5,69.0,0.9,51.0,0.7,95.0,1.2,51.0,0.7,137.0,1.8
Virginia,51.0,2007,2007.0,407.0,7751000.0,5.3,90.0,1.2,49.0,0.6,119.0,1.5,47.0,0.6,164.0,2.1
Virginia,51.0,2008,2008.0,424.0,7833496.0,5.4,86.0,1.1,19.0,,125.0,1.6,72.0,0.9,172.0,2.2
Virginia,51.0,2009,2009.0,401.0,7925937.0,5.1,99.0,1.2,23.0,0.3,115.0,1.5,55.0,0.7,169.0,2.1
Virginia,51.0,2010,2010.0,334.0,8001024.0,4.2,45.0,0.6,,,103.0,1.3,65.0,0.8,162.0,2.0
Virginia,51.0,2011,2011.0,495.0,8096604.0,6.1,100.0,1.2,16.0,,138.0,1.7,67.0,0.8,256.0,3.2
Virginia,51.0,2012,2012.0,453.0,8185867.0,5.5,116.0,1.4,15.0,,93.0,1.1,72.0,0.9,231.0,2.8
Virginia,51.0,2013,2013.0,564.0,8260405.0,6.8,200.0,2.4,22.0,0.3,85.0,1.0,113.0,1.4,242.0,2.9
Virginia,51.0,2014,2014.0,651.0,8326289.0,7.8,244.0,2.9,30.0,0.4,89.0,1.1,144.0,1.7,260.0,3.1
Virginia,51.0,2015,2015.0,745.0,8382993.0,8.9,338.0,4.0,40.0,0.5,59.0,0.7,245.0,2.9,237.0,2.8
Virginia,51.0,2016,2016.0,1063.0,8411808.0,12.6,440.0,5.2,44.0,0.5,67.0,0.8,626.0,7.4,304.0,3.6
Virginia,51.0,2017,2017.0,1160.0,8470020.0,13.7,546.0,6.4,37.0,0.4,75.0,0.9,792.0,9.4,290.0,3.4
Virginia,51.0,2018,2018.0,1113.0,8517685.0,13.1,524.0,6.2,13.0,,90.0,1.1,817.0,9.6,205.0,2.4
Virginia,51.0,2019,2019.0,1205.0,8535519.0,14.1,526.0,6.2,15.0,,77.0,0.9,961.0,11.3,213.0,2.5
Virginia,51.0,2020,2020.0,1843.0,8590563.0,21.5,500.0,5.8,11.0,,86.0,1.0,1646.0,19.2,264.0,3.1
Washington,53.0,1999,1999.0,300.0,5842564.0,5.1,49.0,0.8,170.0,2.9,45.0,0.8,19.0,,69.0,1.2
Washington,53.0,2000,2000.0,293.0,5894121.0,5.0,55.0,0.9,162.0,2.7,53.0,0.9,13.0,,65.0,1.1
Washington,53.0,2001,2001.0,264.0,5985722.0,4.4,45.0,0.8,80.0,1.3,73.0,1.2,18.0,,92.0,1.5
Washington,53.0,2002,2002.0,374.0,6052349.0,6.2,68.0,1.1,115.0,1.9,120.0,2.0,29.0,0.5,97.0,1.6
Washington,53.0,2003,2003.0,395.0,6104115.0,6.5,58.0,1.0,114.0,1.9,143.0,2.3,24.0,0.4,122.0,2.0
Washington,53.0,2004,2004.0,482.0,6178645.0,7.8,51.0,0.8,100.0,1.6,228.0,3.7,32.0,0.5,157.0,2.5
Washington,53.0,2005,2005.0,508.0,6257305.0,8.1,50.0,0.8,123.0,2.0,240.0,3.8,42.0,0.7,180.0,2.9
Washington,53.0,2006,2006.0,568.0,6370753.0,8.9,50.0,0.8,123.0,1.9,306.0,4.8,41.0,0.6,214.0,3.4
Washington,53.0,2007,2007.0,558.0,6461587.0,8.6,71.0,1.1,152.0,2.4,245.0,3.8,29.0,0.4,224.0,3.5
Washington,53.0,2008,2008.0,585.0,6562231.0,8.9,60.0,0.9,124.0,1.9,263.0,4.0,37.0,0.6,248.0,3.8
Washington,53.0,2009,2009.0,611.0,6667426.0,9.2,62.0,0.9,108.0,1.6,243.0,3.6,50.0,0.7,277.0,4.2
Washington,53.0,2010,2010.0,537.0,6724540.0,8.0,54.0,0.8,63.0,0.9,208.0,3.1,51.0,0.8,241.0,3.6
Washington,53.0,2011,2011.0,587.0,6830038.0,8.6,135.0,2.0,123.0,1.8,214.0,3.1,39.0,0.6,251.0,3.7
Washington,53.0,2012,2012.0,603.0,6897012.0,8.7,167.0,2.4,96.0,1.4,159.0,2.3,46.0,0.7,273.0,4.0
Washington,53.0,2013,2013.0,572.0,6971406.0,8.2,201.0,2.9,170.0,2.4,148.0,2.1,50.0,0.7,221.0,3.2
Washington,53.0,2014,2014.0,581.0,7061530.0,8.2,280.0,4.0,203.0,2.9,105.0,1.5,40.0,0.6,230.0,3.3
Washington,53.0,2015,2015.0,605.0,7170351.0,8.4,293.0,4.1,199.0,2.8,100.0,1.4,49.0,0.7,206.0,2.9
Washington,53.0,2016,2016.0,621.0,7288000.0,8.5,273.0,3.7,163.0,2.2,115.0,1.6,80.0,1.1,229.0,3.1
Washington,53.0,2017,2017.0,669.0,7405743.0,9.0,297.0,4.0,181.0,2.4,112.0,1.5,130.0,1.8,202.0,2.7
Washington,53.0,2018,2018.0,669.0,7535591.0,8.9,321.0,4.3,163.0,2.2,87.0,1.2,202.0,2.7,175.0,2.3
Washington,53.0,2019,2019.0,748.0,7614893.0,9.8,327.0,4.3,145.0,1.9,68.0,0.9,319.0,4.2,158.0,2.1
Washington,53.0,2020,2020.0,1137.0,7693612.0,14.8,377.0,4.9,193.0,2.5,103.0,1.3,648.0,8.4,208.0,2.7
West Virginia,54.0,1999,1999.0,19.0,1811799.0,,,,,,,,,,,
West Virginia,54.0,2000,2000.0,24.0,1808344.0,1.3,0.0,,,,,,,,16.0,
West Virginia,54.0,2001,2001.0,91.0,1801481.0,5.1,,,,,25.0,1.4,29.0,1.6,42.0,2.3
West Virginia,54.0,2002,2002.0,116.0,1805414.0,6.4,,,,,51.0,2.8,23.0,1.3,59.0,3.3
West Virginia,54.0,2003,2003.0,179.0,1812295.0,9.9,,,,,67.0,3.7,40.0,2.2,106.0,5.8
West Virginia,54.0,2004,2004.0,232.0,1816438.0,12.8,,,17.0,,99.0,5.5,63.0,3.5,105.0,5.8
West Virginia,54.0,2005,2005.0,130.0,1820492.0,7.1,,,10.0,,58.0,3.2,39.0,2.1,49.0,2.7
West Virginia,54.0,2006,2006.0,256.0,1827912.0,14.0,,,20.0,1.1,93.0,5.1,45.0,2.5,141.0,7.7
West Virginia,54.0,2007,2007.0,301.0,1834052.0,16.4,20.0,1.1,24.0,1.3,85.0,4.6,73.0,4.0,160.0,8.7
West Virginia,54.0,2008,2008.0,340.0,1840310.0,18.5,33.0,1.8,28.0,1.5,81.0,4.4,80.0,4.3,199.0,10.8
West Virginia,54.0,2009,2009.0,158.0,1847775.0,8.6,19.0,,16.0,,37.0,2.0,33.0,1.8,88.0,4.8
West Virginia,54.0,2010,2010.0,400.0,1852994.0,21.6,26.0,1.4,10.0,,68.0,3.7,79.0,4.3,308.0,16.6
West Virginia,54.0,2011,2011.0,509.0,1855364.0,27.4,34.0,1.8,,,55.0,3.0,87.0,4.7,412.0,22.2
West Virginia,54.0,2012,2012.0,433.0,1855413.0,23.3,60.0,3.2,,,62.0,3.3,83.0,4.5,325.0,17.5
West Virginia,54.0,2013,2013.0,467.0,1854304.0,25.2,143.0,7.7,,,53.0,2.9,93.0,5.0,322.0,17.4
West Virginia,54.0,2014,2014.0,514.0,1850326.0,27.8,161.0,8.7,13.0,,34.0,1.8,116.0,6.3,329.0,17.8
West Virginia,54.0,2015,2015.0,575.0,1844128.0,31.2,186.0,10.1,12.0,,27.0,1.5,205.0,11.1,321.0,17.4
West Virginia,54.0,2016,2016.0,690.0,1831102.0,37.7,229.0,12.5,,,25.0,1.4,415.0,22.7,295.0,16.1
West Virginia,54.0,2017,2017.0,803.0,1815857.0,44.2,241.0,13.3,,,34.0,1.9,605.0,33.3,260.0,14.3
West Virginia,54.0,2018,2018.0,676.0,1805832.0,37.4,193.0,10.7,,,26.0,1.4,537.0,29.7,201.0,11.1
West Virginia,54.0,2019,2019.0,647.0,1792147.0,36.1,140.0,7.8,,,13.0,,551.0,30.7,165.0,9.2
West Virginia,54.0,2020,2020.0,1107.0,1784787.0,62.0,139.0,7.8,,,37.0,2.1,1026.0,57.5,265.0,14.8
Wisconsin,55.0,1999,1999.0,54.0,5332666.0,1.0,15.0,,11.0,,,,,,23.0,0.4
Wisconsin,55.0,2000,2000.0,87.0,5363675.0,1.6,28.0,0.5,,,16.0,,19.0,,32.0,0.6
Wisconsin,55.0,2001,2001.0,108.0,5406835.0,2.0,23.0,0.4,11.0,,18.0,,14.0,,50.0,0.9
Wisconsin,55.0,2002,2002.0,143.0,5445162.0,2.6,26.0,0.5,,,34.0,0.6,17.0,,74.0,1.4
Wisconsin,55.0,2003,2003.0,164.0,5479203.0,3.0,24.0,0.4,,,35.0,0.6,37.0,0.7,83.0,1.5
Wisconsin,55.0,2004,2004.0,187.0,5514026.0,3.4,22.0,0.4,10.0,,63.0,1.1,32.0,0.6,86.0,1.6
Wisconsin,55.0,2005,2005.0,217.0,5546166.0,3.9,29.0,0.5,,,60.0,1.1,40.0,0.7,99.0,1.8
Wisconsin,55.0,2006,2006.0,282.0,5577655.0,5.1,27.0,0.5,14.0,,105.0,1.9,43.0,0.8,133.0,2.4
Wisconsin,55.0,2007,2007.0,310.0,5610775.0,5.5,33.0,0.6,11.0,,122.0,2.2,42.0,0.7,151.0,2.7
Wisconsin,55.0,2008,2008.0,307.0,5640996.0,5.4,67.0,1.2,16.0,,107.0,1.9,41.0,0.7,131.0,2.3
Wisconsin,55.0,2009,2009.0,325.0,5669264.0,5.7,66.0,1.2,15.0,,85.0,1.5,64.0,1.1,144.0,2.5
Wisconsin,55.0,2010,2010.0,345.0,5686986.0,6.1,91.0,1.6,26.0,0.5,75.0,1.3,51.0,0.9,184.0,3.2
Wisconsin,55.0,2011,2011.0,411.0,5711767.0,7.2,128.0,2.2,31.0,0.5,73.0,1.3,47.0,0.8,200.0,3.5
Wisconsin,55.0,2012,2012.0,430.0,5726398.0,7.5,181.0,3.2,20.0,0.3,55.0,1.0,42.0,0.7,198.0,3.5
Wisconsin,55.0,2013,2013.0,539.0,5742713.0,9.4,227.0,4.0,24.0,0.4,67.0,1.2,71.0,1.2,239.0,4.2
Wisconsin,55.0,2014,2014.0,557.0,5757564.0,9.7,260.0,4.5,19.0,,71.0,1.2,75.0,1.3,235.0,4.1
Wisconsin,55.0,2015,2015.0,566.0,5771337.0,9.8,283.0,4.9,16.0,,69.0,1.2,100.0,1.7,209.0,3.6
Wisconsin,55.0,2016,2016.0,795.0,5778708.0,13.8,385.0,6.7,36.0,0.6,65.0,1.1,268.0,4.6,278.0,4.8
Wisconsin,55.0,2017,2017.0,861.0,5795483.0,14.9,408.0,7.0,20.0,0.3,54.0,0.9,447.0,7.7,273.0,4.7
Wisconsin,55.0,2018,2018.0,790.0,5813568.0,13.6,322.0,5.5,16.0,,49.0,0.8,491.0,8.4,215.0,3.7
Wisconsin,55.0,2019,2019.0,887.0,5822434.0,15.2,289.0,5.0,10.0,,53.0,0.9,642.0,11.0,213.0,3.7
Wisconsin,55.0,2020,2020.0,1202.0,5832655.0,20.6,263.0,4.5,,,67.0,1.1,1044.0,17.9,260.0,4.5
Wyoming,56.0,1999,1999.0,,491780.0,,0.0,,,,0.0,,,,,
Wyoming,56.0,2000,2000.0,,493782.0,,0.0,,,,,,0.0,,,
Wyoming,56.0,2001,2001.0,,494657.0,,,,,,0.0,,,,,
Wyoming,56.0,2002,2002.0,12.0,500017.0,,,,,,,,,,,
Wyoming,56.0,2003,2003.0,,503453.0,,,,,,,,,,,
Wyoming,56.0,2004,2004.0,,509106.0,,,,,,,,0.0,,,
Wyoming,56.0,2005,2005.0,,514157.0,,,,,,,,0.0,,,
Wyoming,56.0,2006,2006.0,10.0,522667.0,,0.0,,,,,,,,,
Wyoming,56.0,2007,2007.0,22.0,534876.0,4.1,,,,,,,,,,
Wyoming,56.0,2008,2008.0,34.0,546043.0,6.2,,,,,,,,,18.0,
Wyoming,56.0,2009,2009.0,30.0,559851.0,5.4,,,,,10.0,,,,14.0,
Wyoming,56.0,2010,2010.0,37.0,563626.0,6.6,0.0,,,,,,,,22.0,3.9
Wyoming,56.0,2011,2011.0,37.0,568158.0,6.5,,,,,,,,,24.0,4.2
Wyoming,56.0,2012,2012.0,33.0,576412.0,5.7,,,,,,,,,19.0,
Wyoming,56.0,2013,2013.0,43.0,582658.0,7.4,,,,,,,,,28.0,4.8
Wyoming,56.0,2014,2014.0,47.0,584153.0,8.0,10.0,,,,,,11.0,,24.0,4.1
Wyoming,56.0,2015,2015.0,43.0,586107.0,7.3,,,,,,,,,26.0,4.4
Wyoming,56.0,2016,2016.0,46.0,585501.0,7.9,,,12.0,,0.0,,,,23.0,3.9
Wyoming,56.0,2017,2017.0,38.0,579315.0,6.6,,,,,,,12.0,,25.0,4.3
Wyoming,56.0,2018,2018.0,33.0,577737.0,5.7,,,,,,,,,22.0,3.8
Wyoming,56.0,2019,2019.0,43.0,578759.0,7.4,11.0,,,,,,16.0,,24.0,4.1
Wyoming,56.0,2020,2020.0,54.0,582328.0,9.3,11.0,,,,,,26.0,4.5,25.0,4.3
